scenario,regime,method,step,n_repeats,predictor,kappa,oracle_amplitude,oracle_center,theta_star,z_sha256,n_questions,horizon,alpha,sampling,data_kind,model_row,model_name,model_sha,reference_row,reference_theta_star,accuracy_gap,n_models_selected,question_columns_sha256,predictor_snapshot_sha256,width_mean,width_se,anytime_covered_mean,anytime_covered_se,empty_cs_mean,empty_cs_se,mae_z_mean,mae_z_se,kl_z_query_mean,kl_z_query_se,cum_mae_z_mean,cum_mae_z_se,cum_kl_z_query_mean,cum_kl_z_query_se,brier_z_mean,brier_z_se,coverage_mc_lower,coverage_mc_upper
m2_row_0542,no_side_information,hedged_wor,5000,20,none,,,,0.3798,791570e63d6fe6fd7a49fa0d86305983c846e95f06a849cabf6ee08ddddb7f1d,5000,5000,0.05,without_replacement,m2_model_bank_v1,542,hotmailuser__QwenSlerp-3B,bec9741f9687b713e09ba820305d546447328721,1,0.3956,0.0158,1,08a2df9b0b56a4e341fb55d9d164d834595bd9532db737455d24cf70fec3dc4f,57bdc1d4d1f1d86035923fa7a41a561b5c8b16bdc434dc39ef65cff6c4fe8dbb,0.0,0.0,0.95,0.049999999999999885,0.05,0.0499999999999999,,,,,,,,,,,0.7512672372279722,0.9987349105020502
m2_row_1506,faq,ripr_uniform,5000,20,faq,,,,0.25,04f677e6ac52bd8e217c3f6deb72e7db941ba621bf08ba40d7666317a0e85c07,5000,5000,0.05,with_replacement,m2_model_bank_v1,1506,mobiuslabsgmbh__DeepSeek-R1-ReDistill-Llama3-8B-v1.1,ed937eab4c3dddd5b472c47cb6c4dc2782de3ea3,1,0.3956,0.1456,1,08a2df9b0b56a4e341fb55d9d164d834595bd9532db737455d24cf70fec3dc4f,57bdc1d4d1f1d86035923fa7a41a561b5c8b16bdc434dc39ef65cff6c4fe8dbb,0.04258,0.0045960600976328,0.9,0.06882472016116842,0.05,0.0499999999999999,0.1740512158054063,0.0007106571417839785,0.2753019997283116,0.0002814580339315405,915.5168942612212,5.327302437956997,1507.6960728048446,9.086828181917875,0.0854802535762581,9.286272941388999e-05,0.6830172859809177,0.9876514728297052
m2_row_0483,faq,bet_maxmax,5000,20,faq,,,,0.3694,bea9aceef0b25c71f0389de7ffc04027d93c37f835900e119ac7a1059b100ab8,5000,5000,0.05,with_replacement,m2_model_bank_v1,483,inflatebot__MN-12B-Mag-Mell-R1,828ba587979d236de818af222a410bf888a6905d,1,0.3956,0.0262,1,08a2df9b0b56a4e341fb55d9d164d834595bd9532db737455d24cf70fec3dc4f,57bdc1d4d1f1d86035923fa7a41a561b5c8b16bdc434dc39ef65cff6c4fe8dbb,0.027890000000000005,0.0004201440855605929,1.0,0.0,0.0,0.0,0.1423813917400783,0.0006174663483514721,0.3921000367467261,0.0014707738271073966,747.6867793450468,5.592532896872611,2015.336825394396,9.200987345140035,0.0696772262695431,5.71405791829621e-05,0.8315665290169146,1.0
m2_row_0483,faq,bet_maxmin,5000,20,faq,,,,0.3694,bea9aceef0b25c71f0389de7ffc04027d93c37f835900e119ac7a1059b100ab8,5000,5000,0.05,with_replacement,m2_model_bank_v1,483,inflatebot__MN-12B-Mag-Mell-R1,828ba587979d236de818af222a410bf888a6905d,1,0.3956,0.0262,1,08a2df9b0b56a4e341fb55d9d164d834595bd9532db737455d24cf70fec3dc4f,57bdc1d4d1f1d86035923fa7a41a561b5c8b16bdc434dc39ef65cff6c4fe8dbb,0.02793,0.00022490933845950264,1.0,0.0,0.0,0.0,0.1421337198971558,0.0005597708422757202,0.3882233796072848,0.0011819457261419953,743.0627174662948,4.599445709490715,2011.936189648302,8.734784555820168,0.0696149671936372,5.2872664805948096e-05,0.8315665290169146,1.0
m2_row_0483,faq,bet_uniform,5000,20,faq,,,,0.3694,bea9aceef0b25c71f0389de7ffc04027d93c37f835900e119ac7a1059b100ab8,5000,5000,0.05,with_replacement,m2_model_bank_v1,483,inflatebot__MN-12B-Mag-Mell-R1,828ba587979d236de818af222a410bf888a6905d,1,0.3956,0.0262,1,08a2df9b0b56a4e341fb55d9d164d834595bd9532db737455d24cf70fec3dc4f,57bdc1d4d1f1d86035923fa7a41a561b5c8b16bdc434dc39ef65cff6c4fe8dbb,0.03233,0.0012845867654208997,1.0,0.0,0.0,0.0,0.1459514078728768,0.0006153520690374542,0.2353405717845179,0.00025992245325656997,777.5538562710287,4.909119693620705,1308.869054854414,5.71450644437482,0.0710041266421951,0.00011365004020244982,0.8315665290169146,1.0
m2_row_0483,faq,ripr_maxmax,5000,20,faq,,,,0.3694,bea9aceef0b25c71f0389de7ffc04027d93c37f835900e119ac7a1059b100ab8,5000,5000,0.05,with_replacement,m2_model_bank_v1,483,inflatebot__MN-12B-Mag-Mell-R1,828ba587979d236de818af222a410bf888a6905d,1,0.3956,0.0262,1,08a2df9b0b56a4e341fb55d9d164d834595bd9532db737455d24cf70fec3dc4f,57bdc1d4d1f1d86035923fa7a41a561b5c8b16bdc434dc39ef65cff6c4fe8dbb,0.0427,0.004390743852577499,1.0,0.0,0.0,0.0,0.1426456134195547,0.0006771560919726434,0.3839478565492486,0.004643211432578426,759.5939714513454,4.869638167555392,1913.2937248169897,14.695886569734231,0.069706278054351,6.271215566978673e-05,0.8315665290169146,1.0
m2_row_0483,faq,ripr_maxmin,5000,20,faq,,,,0.3694,bea9aceef0b25c71f0389de7ffc04027d93c37f835900e119ac7a1059b100ab8,5000,5000,0.05,with_replacement,m2_model_bank_v1,483,inflatebot__MN-12B-Mag-Mell-R1,828ba587979d236de818af222a410bf888a6905d,1,0.3956,0.0262,1,08a2df9b0b56a4e341fb55d9d164d834595bd9532db737455d24cf70fec3dc4f,57bdc1d4d1f1d86035923fa7a41a561b5c8b16bdc434dc39ef65cff6c4fe8dbb,0.05268999999999989,0.008767925698398201,0.9,0.06882472016116842,0.05,0.0499999999999999,0.1427820947950848,0.00048783423182633334,0.3768373576471535,0.008044259748010029,754.7358849409993,5.2487470094585165,1929.6055326933033,26.751930204653796,0.0697450485597968,7.004024483894307e-05,0.6830172859809177,0.9876514728297052
m2_row_0483,faq,ripr_uniform,5000,20,faq,,,,0.3694,bea9aceef0b25c71f0389de7ffc04027d93c37f835900e119ac7a1059b100ab8,5000,5000,0.05,with_replacement,m2_model_bank_v1,483,inflatebot__MN-12B-Mag-Mell-R1,828ba587979d236de818af222a410bf888a6905d,1,0.3956,0.0262,1,08a2df9b0b56a4e341fb55d9d164d834595bd9532db737455d24cf70fec3dc4f,57bdc1d4d1f1d86035923fa7a41a561b5c8b16bdc434dc39ef65cff6c4fe8dbb,0.04106,0.0027638302941274,1.0,0.0,0.0,0.0,0.1459514078728768,0.0006153520690374542,0.2353405717845179,0.00025992245325656997,777.5538562710287,4.909119693620705,1308.869054854414,5.71450644437482,0.0710041266421951,0.00011365004020244982,0.8315665290169146,1.0
m2_row_0483,no_side_information,hedged_uniform,5000,20,none,,,,0.3694,bea9aceef0b25c71f0389de7ffc04027d93c37f835900e119ac7a1059b100ab8,5000,5000,0.05,with_replacement,m2_model_bank_v1,483,inflatebot__MN-12B-Mag-Mell-R1,828ba587979d236de818af222a410bf888a6905d,1,0.3956,0.0262,1,08a2df9b0b56a4e341fb55d9d164d834595bd9532db737455d24cf70fec3dc4f,57bdc1d4d1f1d86035923fa7a41a561b5c8b16bdc434dc39ef65cff6c4fe8dbb,0.06473,0.0009248925968941003,0.95,0.049999999999999885,0.0,0.0,,,,,,,,,,,0.7512672372279722,0.9987349105020502
m2_row_0483,no_side_information,hedged_wor,5000,20,none,,,,0.3694,bea9aceef0b25c71f0389de7ffc04027d93c37f835900e119ac7a1059b100ab8,5000,5000,0.05,without_replacement,m2_model_bank_v1,483,inflatebot__MN-12B-Mag-Mell-R1,828ba587979d236de818af222a410bf888a6905d,1,0.3956,0.0262,1,08a2df9b0b56a4e341fb55d9d164d834595bd9532db737455d24cf70fec3dc4f,57bdc1d4d1f1d86035923fa7a41a561b5c8b16bdc434dc39ef65cff6c4fe8dbb,0.0,0.0,0.95,0.049999999999999885,0.05,0.0499999999999999,,,,,,,,,,,0.7512672372279722,0.9987349105020502
m2_row_0542,faq,bet_maxmax,5000,20,faq,,,,0.3798,791570e63d6fe6fd7a49fa0d86305983c846e95f06a849cabf6ee08ddddb7f1d,5000,5000,0.05,with_replacement,m2_model_bank_v1,542,hotmailuser__QwenSlerp-3B,bec9741f9687b713e09ba820305d546447328721,1,0.3956,0.0158,1,08a2df9b0b56a4e341fb55d9d164d834595bd9532db737455d24cf70fec3dc4f,57bdc1d4d1f1d86035923fa7a41a561b5c8b16bdc434dc39ef65cff6c4fe8dbb,0.02889,0.0006531663768055985,1.0,0.0,0.0,0.0,0.1396912861988959,0.0004915147638397385,0.3958520445531363,0.0009703420333598598,761.7666571821082,4.07332991391835,2034.8758791869473,4.45519363840043,0.0658057994000357,7.132794528683938e-05,0.8315665290169146,1.0
m2_row_0542,faq,bet_maxmin,5000,20,faq,,,,0.3798,791570e63d6fe6fd7a49fa0d86305983c846e95f06a849cabf6ee08ddddb7f1d,5000,5000,0.05,with_replacement,m2_model_bank_v1,542,hotmailuser__QwenSlerp-3B,bec9741f9687b713e09ba820305d546447328721,1,0.3956,0.0158,1,08a2df9b0b56a4e341fb55d9d164d834595bd9532db737455d24cf70fec3dc4f,57bdc1d4d1f1d86035923fa7a41a561b5c8b16bdc434dc39ef65cff6c4fe8dbb,0.02893,0.0005043547206187968,1.0,0.0,0.0,0.0,0.1398766108489623,0.000681182125225116,0.3939699450144135,0.0008389895874630258,763.3383930157979,5.594889489060297,2025.2697317983416,6.119797474248237,0.0659108056936263,8.913436594293487e-05,0.8315665290169146,1.0
m2_row_0542,faq,bet_uniform,5000,20,faq,,,,0.3798,791570e63d6fe6fd7a49fa0d86305983c846e95f06a849cabf6ee08ddddb7f1d,5000,5000,0.05,with_replacement,m2_model_bank_v1,542,hotmailuser__QwenSlerp-3B,bec9741f9687b713e09ba820305d546447328721,1,0.3956,0.0158,1,08a2df9b0b56a4e341fb55d9d164d834595bd9532db737455d24cf70fec3dc4f,57bdc1d4d1f1d86035923fa7a41a561b5c8b16bdc434dc39ef65cff6c4fe8dbb,0.031229999999999904,0.0016390160719804959,1.0,0.0,0.0,0.0,0.148671435520397,0.0008790211241712077,0.2322970459859457,0.000491153117842326,810.008695113342,7.375005459459098,1313.468498571483,8.465429671682882,0.0682587229118985,0.0002022871885752442,0.8315665290169146,1.0
m2_row_0542,faq,ripr_maxmax,5000,20,faq,,,,0.3798,791570e63d6fe6fd7a49fa0d86305983c846e95f06a849cabf6ee08ddddb7f1d,5000,5000,0.05,with_replacement,m2_model_bank_v1,542,hotmailuser__QwenSlerp-3B,bec9741f9687b713e09ba820305d546447328721,1,0.3956,0.0158,1,08a2df9b0b56a4e341fb55d9d164d834595bd9532db737455d24cf70fec3dc4f,57bdc1d4d1f1d86035923fa7a41a561b5c8b16bdc434dc39ef65cff6c4fe8dbb,0.051500000000000004,0.004657320214344996,1.0,0.0,0.0,0.0,0.1404376419565035,0.0009088819472325996,0.3718721988301501,0.005345041335734517,776.2866158789034,7.522908287010157,1897.0841564275001,10.961392992383898,0.0661862639806988,0.0001403571582331666,0.8315665290169146,1.0
m2_row_0542,faq,ripr_maxmin,5000,20,faq,,,,0.3798,791570e63d6fe6fd7a49fa0d86305983c846e95f06a849cabf6ee08ddddb7f1d,5000,5000,0.05,with_replacement,m2_model_bank_v1,542,hotmailuser__QwenSlerp-3B,bec9741f9687b713e09ba820305d546447328721,1,0.3956,0.0158,1,08a2df9b0b56a4e341fb55d9d164d834595bd9532db737455d24cf70fec3dc4f,57bdc1d4d1f1d86035923fa7a41a561b5c8b16bdc434dc39ef65cff6c4fe8dbb,0.05362,0.0066104367241666,0.95,0.049999999999999885,0.0,0.0,0.1433491187195284,0.001205903048355776,0.3795110940086331,0.002606480195173409,794.9343639054358,10.295347244178839,1931.6449870758763,11.910402870438269,0.0663951001895839,0.00018833651341046103,0.7512672372279722,0.9987349105020502
m2_row_1506,no_side_information,hedged_uniform,5000,20,none,,,,0.25,04f677e6ac52bd8e217c3f6deb72e7db941ba621bf08ba40d7666317a0e85c07,5000,5000,0.05,with_replacement,m2_model_bank_v1,1506,mobiuslabsgmbh__DeepSeek-R1-ReDistill-Llama3-8B-v1.1,ed937eab4c3dddd5b472c47cb6c4dc2782de3ea3,1,0.3956,0.1456,1,08a2df9b0b56a4e341fb55d9d164d834595bd9532db737455d24cf70fec3dc4f,57bdc1d4d1f1d86035923fa7a41a561b5c8b16bdc434dc39ef65cff6c4fe8dbb,0.05645,0.0017472911365280042,0.95,0.049999999999999885,0.0,0.0,,,,,,,,,,,0.7512672372279722,0.9987349105020502
m2_row_0542,faq,ripr_uniform,5000,20,faq,,,,0.3798,791570e63d6fe6fd7a49fa0d86305983c846e95f06a849cabf6ee08ddddb7f1d,5000,5000,0.05,with_replacement,m2_model_bank_v1,542,hotmailuser__QwenSlerp-3B,bec9741f9687b713e09ba820305d546447328721,1,0.3956,0.0158,1,08a2df9b0b56a4e341fb55d9d164d834595bd9532db737455d24cf70fec3dc4f,57bdc1d4d1f1d86035923fa7a41a561b5c8b16bdc434dc39ef65cff6c4fe8dbb,0.03837,0.0034676937581049005,1.0,0.0,0.0,0.0,0.148671435520397,0.0008790211241712077,0.2322970459859457,0.000491153117842326,810.008695113342,7.375005459459098,1313.468498571483,8.465429671682882,0.0682587229118985,0.0002022871885752442,0.8315665290169146,1.0
m2_row_1183,faq,bet_maxmax,5000,20,faq,,,,0.1016,43cfe8e6c081c1cd6729da6c787daaafa6405da490d33a27f2d2671e0e6e0e5e,5000,5000,0.05,with_replacement,m2_model_bank_v1,1183,ehristoforu__rmoe-v1,336e8580a5d5401cf2abc5c445dbc15b88023c68,1,0.3956,0.294,1,08a2df9b0b56a4e341fb55d9d164d834595bd9532db737455d24cf70fec3dc4f,57bdc1d4d1f1d86035923fa7a41a561b5c8b16bdc434dc39ef65cff6c4fe8dbb,0.03,0.0006876351541792001,1.0,0.0,0.0,0.0,0.1424560542430148,0.0006343081702309191,0.3635157100691591,0.001231580177648494,735.7291630480418,4.928872047771715,1869.7015281155786,8.627406165268564,0.0697954332484292,6.635199158319154e-05,0.8315665290169146,1.0
m2_row_1183,faq,bet_maxmin,5000,20,faq,,,,0.1016,43cfe8e6c081c1cd6729da6c787daaafa6405da490d33a27f2d2671e0e6e0e5e,5000,5000,0.05,with_replacement,m2_model_bank_v1,1183,ehristoforu__rmoe-v1,336e8580a5d5401cf2abc5c445dbc15b88023c68,1,0.3956,0.294,1,08a2df9b0b56a4e341fb55d9d164d834595bd9532db737455d24cf70fec3dc4f,57bdc1d4d1f1d86035923fa7a41a561b5c8b16bdc434dc39ef65cff6c4fe8dbb,0.03116,0.0005744745883253022,1.0,0.0,0.0,0.0,0.142397572682558,0.0006643314920546747,0.3553419746497948,0.0012150321362768652,738.8767512748484,4.037455881268201,1834.2324227184877,8.382208492484834,0.0698523213529483,7.955870799104562e-05,0.8315665290169146,1.0
m2_row_1183,faq,bet_uniform,5000,20,faq,,,,0.1016,43cfe8e6c081c1cd6729da6c787daaafa6405da490d33a27f2d2671e0e6e0e5e,5000,5000,0.05,with_replacement,m2_model_bank_v1,1183,ehristoforu__rmoe-v1,336e8580a5d5401cf2abc5c445dbc15b88023c68,1,0.3956,0.294,1,08a2df9b0b56a4e341fb55d9d164d834595bd9532db737455d24cf70fec3dc4f,57bdc1d4d1f1d86035923fa7a41a561b5c8b16bdc434dc39ef65cff6c4fe8dbb,0.05714,0.0014404750678344044,1.0,0.0,0.0,0.0,0.1455225704024967,0.0004604575599637299,0.2397936936195943,0.0002209317822335066,771.244768757548,3.2777998650609956,1347.976241973886,7.919859257510617,0.0711145501772803,0.00010444297444211768,0.8315665290169146,1.0
m2_row_1183,faq,ripr_maxmax,5000,20,faq,,,,0.1016,43cfe8e6c081c1cd6729da6c787daaafa6405da490d33a27f2d2671e0e6e0e5e,5000,5000,0.05,with_replacement,m2_model_bank_v1,1183,ehristoforu__rmoe-v1,336e8580a5d5401cf2abc5c445dbc15b88023c68,1,0.3956,0.294,1,08a2df9b0b56a4e341fb55d9d164d834595bd9532db737455d24cf70fec3dc4f,57bdc1d4d1f1d86035923fa7a41a561b5c8b16bdc434dc39ef65cff6c4fe8dbb,0.11229,0.009845923281397103,0.95,0.049999999999999885,0.0,0.0,0.1366351336372345,0.0017306724262669982,0.3580367415191833,0.02507008715599639,635.6366040340016,10.690238870304853,2133.421554508017,50.72539561918889,0.0714045083455909,0.00047336663737401123,0.7512672372279722,0.9987349105020502
m2_row_1183,faq,ripr_maxmin,5000,20,faq,,,,0.1016,43cfe8e6c081c1cd6729da6c787daaafa6405da490d33a27f2d2671e0e6e0e5e,5000,5000,0.05,with_replacement,m2_model_bank_v1,1183,ehristoforu__rmoe-v1,336e8580a5d5401cf2abc5c445dbc15b88023c68,1,0.3956,0.294,1,08a2df9b0b56a4e341fb55d9d164d834595bd9532db737455d24cf70fec3dc4f,57bdc1d4d1f1d86035923fa7a41a561b5c8b16bdc434dc39ef65cff6c4fe8dbb,0.05358,0.0051244080531058995,0.9,0.06882472016116842,0.05,0.0499999999999999,0.1442547065999777,0.0007804882119177294,0.3214565895240637,0.004930488508674612,763.7346745528604,8.922503384253568,1656.9683692025399,19.941722073354054,0.0702668158488296,9.573054299382347e-05,0.6830172859809177,0.9876514728297052
m2_row_1183,faq,ripr_uniform,5000,20,faq,,,,0.1016,43cfe8e6c081c1cd6729da6c787daaafa6405da490d33a27f2d2671e0e6e0e5e,5000,5000,0.05,with_replacement,m2_model_bank_v1,1183,ehristoforu__rmoe-v1,336e8580a5d5401cf2abc5c445dbc15b88023c68,1,0.3956,0.294,1,08a2df9b0b56a4e341fb55d9d164d834595bd9532db737455d24cf70fec3dc4f,57bdc1d4d1f1d86035923fa7a41a561b5c8b16bdc434dc39ef65cff6c4fe8dbb,0.0701799999999999,0.003251846439049302,1.0,0.0,0.0,0.0,0.1455225704024967,0.0004604575599637299,0.2397936936195943,0.0002209317822335066,771.244768757548,3.2777998650609956,1347.976241973886,7.919859257510617,0.0711145501772803,0.00010444297444211768,0.8315665290169146,1.0
m2_row_1183,no_side_information,hedged_uniform,5000,20,none,,,,0.1016,43cfe8e6c081c1cd6729da6c787daaafa6405da490d33a27f2d2671e0e6e0e5e,5000,5000,0.05,with_replacement,m2_model_bank_v1,1183,ehristoforu__rmoe-v1,336e8580a5d5401cf2abc5c445dbc15b88023c68,1,0.3956,0.294,1,08a2df9b0b56a4e341fb55d9d164d834595bd9532db737455d24cf70fec3dc4f,57bdc1d4d1f1d86035923fa7a41a561b5c8b16bdc434dc39ef65cff6c4fe8dbb,0.03454,0.0010491199319328994,0.95,0.049999999999999885,0.0,0.0,,,,,,,,,,,0.7512672372279722,0.9987349105020502
m2_row_1183,no_side_information,hedged_wor,5000,20,none,,,,0.1016,43cfe8e6c081c1cd6729da6c787daaafa6405da490d33a27f2d2671e0e6e0e5e,5000,5000,0.05,without_replacement,m2_model_bank_v1,1183,ehristoforu__rmoe-v1,336e8580a5d5401cf2abc5c445dbc15b88023c68,1,0.3956,0.294,1,08a2df9b0b56a4e341fb55d9d164d834595bd9532db737455d24cf70fec3dc4f,57bdc1d4d1f1d86035923fa7a41a561b5c8b16bdc434dc39ef65cff6c4fe8dbb,0.0,0.0,0.85,0.08191780219091249,0.15,0.08191780219091249,,,,,,,,,,,0.621073173454686,0.9679290628145363
m2_row_1506,faq,bet_maxmax,5000,20,faq,,,,0.25,04f677e6ac52bd8e217c3f6deb72e7db941ba621bf08ba40d7666317a0e85c07,5000,5000,0.05,with_replacement,m2_model_bank_v1,1506,mobiuslabsgmbh__DeepSeek-R1-ReDistill-Llama3-8B-v1.1,ed937eab4c3dddd5b472c47cb6c4dc2782de3ea3,1,0.3956,0.1456,1,08a2df9b0b56a4e341fb55d9d164d834595bd9532db737455d24cf70fec3dc4f,57bdc1d4d1f1d86035923fa7a41a561b5c8b16bdc434dc39ef65cff6c4fe8dbb,0.03048,0.0006984795517483005,1.0,0.0,0.0,0.0,0.1725612239024078,0.0005382310454669982,0.4199657237823041,0.0008924368948043247,897.0393286782142,4.273219277012546,2162.458451030572,5.341296433507407,0.0844362916002281,6.199095886942549e-05,0.8315665290169146,1.0
m2_row_1506,faq,bet_maxmin,5000,20,faq,,,,0.25,04f677e6ac52bd8e217c3f6deb72e7db941ba621bf08ba40d7666317a0e85c07,5000,5000,0.05,with_replacement,m2_model_bank_v1,1506,mobiuslabsgmbh__DeepSeek-R1-ReDistill-Llama3-8B-v1.1,ed937eab4c3dddd5b472c47cb6c4dc2782de3ea3,1,0.3956,0.1456,1,08a2df9b0b56a4e341fb55d9d164d834595bd9532db737455d24cf70fec3dc4f,57bdc1d4d1f1d86035923fa7a41a561b5c8b16bdc434dc39ef65cff6c4fe8dbb,0.028969999999999895,0.0005483515967736083,1.0,0.0,0.0,0.0,0.1726651738718903,0.0004690354867347893,0.4122648396916616,0.0009137561378582763,900.7317539082957,3.622467438680531,2141.5176387449274,6.943502499486602,0.0846241953302874,5.6571145193806364e-05,0.8315665290169146,1.0
m2_row_1506,faq,bet_uniform,5000,20,faq,,,,0.25,04f677e6ac52bd8e217c3f6deb72e7db941ba621bf08ba40d7666317a0e85c07,5000,5000,0.05,with_replacement,m2_model_bank_v1,1506,mobiuslabsgmbh__DeepSeek-R1-ReDistill-Llama3-8B-v1.1,ed937eab4c3dddd5b472c47cb6c4dc2782de3ea3,1,0.3956,0.1456,1,08a2df9b0b56a4e341fb55d9d164d834595bd9532db737455d24cf70fec3dc4f,57bdc1d4d1f1d86035923fa7a41a561b5c8b16bdc434dc39ef65cff6c4fe8dbb,0.03503,0.0032198161111270996,0.9,0.06882472016116842,0.1,0.0688247201611685,0.1740512158054063,0.0007106571417839785,0.2753019997283116,0.0002814580339315405,915.5168942612212,5.327302437956997,1507.6960728048446,9.086828181917875,0.0854802535762581,9.286272941388999e-05,0.6830172859809177,0.9876514728297052
m2_row_1506,faq,ripr_maxmax,5000,20,faq,,,,0.25,04f677e6ac52bd8e217c3f6deb72e7db941ba621bf08ba40d7666317a0e85c07,5000,5000,0.05,with_replacement,m2_model_bank_v1,1506,mobiuslabsgmbh__DeepSeek-R1-ReDistill-Llama3-8B-v1.1,ed937eab4c3dddd5b472c47cb6c4dc2782de3ea3,1,0.3956,0.1456,1,08a2df9b0b56a4e341fb55d9d164d834595bd9532db737455d24cf70fec3dc4f,57bdc1d4d1f1d86035923fa7a41a561b5c8b16bdc434dc39ef65cff6c4fe8dbb,0.06348,0.006496726301113399,1.0,0.0,0.0,0.0,0.1704380192719225,0.0005463718288759254,0.4177325223416849,0.010232150131631323,879.2058730594421,3.440665274674327,2176.736875371258,22.485177070997906,0.0846422450319815,8.681211552903211e-05,0.8315665290169146,1.0
m2_row_1506,faq,ripr_maxmin,5000,20,faq,,,,0.25,04f677e6ac52bd8e217c3f6deb72e7db941ba621bf08ba40d7666317a0e85c07,5000,5000,0.05,with_replacement,m2_model_bank_v1,1506,mobiuslabsgmbh__DeepSeek-R1-ReDistill-Llama3-8B-v1.1,ed937eab4c3dddd5b472c47cb6c4dc2782de3ea3,1,0.3956,0.1456,1,08a2df9b0b56a4e341fb55d9d164d834595bd9532db737455d24cf70fec3dc4f,57bdc1d4d1f1d86035923fa7a41a561b5c8b16bdc434dc39ef65cff6c4fe8dbb,0.04135,0.0048743987483478,1.0,0.0,0.0,0.0,0.1716658604848989,0.0006782178607504058,0.40203317536635924,0.0033892954643874747,888.4338032359188,5.967811955214307,2076.806115971224,28.487825387972315,0.0846813615182705,9.095840857993828e-05,0.8315665290169146,1.0
m2_row_0542,no_side_information,hedged_uniform,5000,20,none,,,,0.3798,791570e63d6fe6fd7a49fa0d86305983c846e95f06a849cabf6ee08ddddb7f1d,5000,5000,0.05,with_replacement,m2_model_bank_v1,542,hotmailuser__QwenSlerp-3B,bec9741f9687b713e09ba820305d546447328721,1,0.3956,0.0158,1,08a2df9b0b56a4e341fb55d9d164d834595bd9532db737455d24cf70fec3dc4f,57bdc1d4d1f1d86035923fa7a41a561b5c8b16bdc434dc39ef65cff6c4fe8dbb,0.06606,0.0006458124218458861,1.0,0.0,0.0,0.0,,,,,,,,,,,0.8315665290169146,1.0
m2_row_1506,no_side_information,hedged_wor,5000,20,none,,,,0.25,04f677e6ac52bd8e217c3f6deb72e7db941ba621bf08ba40d7666317a0e85c07,5000,5000,0.05,without_replacement,m2_model_bank_v1,1506,mobiuslabsgmbh__DeepSeek-R1-ReDistill-Llama3-8B-v1.1,ed937eab4c3dddd5b472c47cb6c4dc2782de3ea3,1,0.3956,0.1456,1,08a2df9b0b56a4e341fb55d9d164d834595bd9532db737455d24cf70fec3dc4f,57bdc1d4d1f1d86035923fa7a41a561b5c8b16bdc434dc39ef65cff6c4fe8dbb,0.0,0.0,0.9,0.06882472016116842,0.1,0.0688247201611685,,,,,,,,,,,0.6830172859809177,0.9876514728297052
