scenario,regime,method,epsilon,n_repeats,stop_time_capped_mean,stop_time_capped_se,reached_mean,reached_se,covered_at_eval_time_mean,covered_at_eval_time_se,covered_all_times_to_horizon_mean,covered_all_times_to_horizon_se,empty_at_eval_time_mean,empty_at_eval_time_se,predictor,kappa,oracle_amplitude,oracle_center,theta_star,z_sha256,n_questions,horizon,alpha,hedge_cap,hedge_weight,sampling,data_kind,model_row,model_name,model_sha,reference_row,reference_theta_star,accuracy_gap,n_models_selected,question_columns_sha256,predictor_snapshot_sha256
m2_row_1183,faq,bet_maxmax,0.05,20,2797.65,48.276957290855755,1.0,0.0,1.0,0.0,1.0,0.0,0.0,0.0,faq,,,,0.1016,43cfe8e6c081c1cd6729da6c787daaafa6405da490d33a27f2d2671e0e6e0e5e,5000,5000,0.05,,,with_replacement,m2_model_bank_v1,1183,ehristoforu__rmoe-v1,336e8580a5d5401cf2abc5c445dbc15b88023c68,1,0.3956,0.294,1,08a2df9b0b56a4e341fb55d9d164d834595bd9532db737455d24cf70fec3dc4f,57bdc1d4d1f1d86035923fa7a41a561b5c8b16bdc434dc39ef65cff6c4fe8dbb
m2_row_1183,faq,bet_maxmax,0.075,20,1805.1,17.27835579409627,1.0,0.0,1.0,0.0,1.0,0.0,0.0,0.0,faq,,,,0.1016,43cfe8e6c081c1cd6729da6c787daaafa6405da490d33a27f2d2671e0e6e0e5e,5000,5000,0.05,,,with_replacement,m2_model_bank_v1,1183,ehristoforu__rmoe-v1,336e8580a5d5401cf2abc5c445dbc15b88023c68,1,0.3956,0.294,1,08a2df9b0b56a4e341fb55d9d164d834595bd9532db737455d24cf70fec3dc4f,57bdc1d4d1f1d86035923fa7a41a561b5c8b16bdc434dc39ef65cff6c4fe8dbb
m2_row_1183,faq,bet_maxmax,0.1,20,1333.25,12.099777074936458,1.0,0.0,1.0,0.0,1.0,0.0,0.0,0.0,faq,,,,0.1016,43cfe8e6c081c1cd6729da6c787daaafa6405da490d33a27f2d2671e0e6e0e5e,5000,5000,0.05,,,with_replacement,m2_model_bank_v1,1183,ehristoforu__rmoe-v1,336e8580a5d5401cf2abc5c445dbc15b88023c68,1,0.3956,0.294,1,08a2df9b0b56a4e341fb55d9d164d834595bd9532db737455d24cf70fec3dc4f,57bdc1d4d1f1d86035923fa7a41a561b5c8b16bdc434dc39ef65cff6c4fe8dbb
m2_row_1183,faq,bet_maxmax,0.125,20,1047.45,9.406457748186044,1.0,0.0,1.0,0.0,1.0,0.0,0.0,0.0,faq,,,,0.1016,43cfe8e6c081c1cd6729da6c787daaafa6405da490d33a27f2d2671e0e6e0e5e,5000,5000,0.05,,,with_replacement,m2_model_bank_v1,1183,ehristoforu__rmoe-v1,336e8580a5d5401cf2abc5c445dbc15b88023c68,1,0.3956,0.294,1,08a2df9b0b56a4e341fb55d9d164d834595bd9532db737455d24cf70fec3dc4f,57bdc1d4d1f1d86035923fa7a41a561b5c8b16bdc434dc39ef65cff6c4fe8dbb
m2_row_1183,faq,bet_maxmax,0.15,20,869.1,9.948789929063164,1.0,0.0,1.0,0.0,1.0,0.0,0.0,0.0,faq,,,,0.1016,43cfe8e6c081c1cd6729da6c787daaafa6405da490d33a27f2d2671e0e6e0e5e,5000,5000,0.05,,,with_replacement,m2_model_bank_v1,1183,ehristoforu__rmoe-v1,336e8580a5d5401cf2abc5c445dbc15b88023c68,1,0.3956,0.294,1,08a2df9b0b56a4e341fb55d9d164d834595bd9532db737455d24cf70fec3dc4f,57bdc1d4d1f1d86035923fa7a41a561b5c8b16bdc434dc39ef65cff6c4fe8dbb
m2_row_1183,faq,bet_maxmin,0.05,20,2873.3,46.74336992107989,1.0,0.0,1.0,0.0,1.0,0.0,0.0,0.0,faq,,,,0.1016,43cfe8e6c081c1cd6729da6c787daaafa6405da490d33a27f2d2671e0e6e0e5e,5000,5000,0.05,,,with_replacement,m2_model_bank_v1,1183,ehristoforu__rmoe-v1,336e8580a5d5401cf2abc5c445dbc15b88023c68,1,0.3956,0.294,1,08a2df9b0b56a4e341fb55d9d164d834595bd9532db737455d24cf70fec3dc4f,57bdc1d4d1f1d86035923fa7a41a561b5c8b16bdc434dc39ef65cff6c4fe8dbb
m2_row_1183,faq,bet_maxmin,0.075,20,1800.7,19.181144798719963,1.0,0.0,1.0,0.0,1.0,0.0,0.0,0.0,faq,,,,0.1016,43cfe8e6c081c1cd6729da6c787daaafa6405da490d33a27f2d2671e0e6e0e5e,5000,5000,0.05,,,with_replacement,m2_model_bank_v1,1183,ehristoforu__rmoe-v1,336e8580a5d5401cf2abc5c445dbc15b88023c68,1,0.3956,0.294,1,08a2df9b0b56a4e341fb55d9d164d834595bd9532db737455d24cf70fec3dc4f,57bdc1d4d1f1d86035923fa7a41a561b5c8b16bdc434dc39ef65cff6c4fe8dbb
m2_row_1183,faq,bet_maxmin,0.1,20,1326.35,12.542197196916,1.0,0.0,1.0,0.0,1.0,0.0,0.0,0.0,faq,,,,0.1016,43cfe8e6c081c1cd6729da6c787daaafa6405da490d33a27f2d2671e0e6e0e5e,5000,5000,0.05,,,with_replacement,m2_model_bank_v1,1183,ehristoforu__rmoe-v1,336e8580a5d5401cf2abc5c445dbc15b88023c68,1,0.3956,0.294,1,08a2df9b0b56a4e341fb55d9d164d834595bd9532db737455d24cf70fec3dc4f,57bdc1d4d1f1d86035923fa7a41a561b5c8b16bdc434dc39ef65cff6c4fe8dbb
m2_row_1183,faq,bet_maxmin,0.125,20,1043.1,9.162250930053975,1.0,0.0,1.0,0.0,1.0,0.0,0.0,0.0,faq,,,,0.1016,43cfe8e6c081c1cd6729da6c787daaafa6405da490d33a27f2d2671e0e6e0e5e,5000,5000,0.05,,,with_replacement,m2_model_bank_v1,1183,ehristoforu__rmoe-v1,336e8580a5d5401cf2abc5c445dbc15b88023c68,1,0.3956,0.294,1,08a2df9b0b56a4e341fb55d9d164d834595bd9532db737455d24cf70fec3dc4f,57bdc1d4d1f1d86035923fa7a41a561b5c8b16bdc434dc39ef65cff6c4fe8dbb
m2_row_1183,faq,bet_maxmin,0.15,20,861.85,7.447456294813676,1.0,0.0,1.0,0.0,1.0,0.0,0.0,0.0,faq,,,,0.1016,43cfe8e6c081c1cd6729da6c787daaafa6405da490d33a27f2d2671e0e6e0e5e,5000,5000,0.05,,,with_replacement,m2_model_bank_v1,1183,ehristoforu__rmoe-v1,336e8580a5d5401cf2abc5c445dbc15b88023c68,1,0.3956,0.294,1,08a2df9b0b56a4e341fb55d9d164d834595bd9532db737455d24cf70fec3dc4f,57bdc1d4d1f1d86035923fa7a41a561b5c8b16bdc434dc39ef65cff6c4fe8dbb
m2_row_1183,faq,bet_uniform,0.05,20,4941.9,39.34602902454311,0.15,0.08191780219091249,1.0,0.0,1.0,0.0,0.0,0.0,faq,,,,0.1016,43cfe8e6c081c1cd6729da6c787daaafa6405da490d33a27f2d2671e0e6e0e5e,5000,5000,0.05,,,with_replacement,m2_model_bank_v1,1183,ehristoforu__rmoe-v1,336e8580a5d5401cf2abc5c445dbc15b88023c68,1,0.3956,0.294,1,08a2df9b0b56a4e341fb55d9d164d834595bd9532db737455d24cf70fec3dc4f,57bdc1d4d1f1d86035923fa7a41a561b5c8b16bdc434dc39ef65cff6c4fe8dbb
m2_row_1183,faq,bet_uniform,0.075,20,2538.6,202.31015012130572,1.0,0.0,1.0,0.0,1.0,0.0,0.0,0.0,faq,,,,0.1016,43cfe8e6c081c1cd6729da6c787daaafa6405da490d33a27f2d2671e0e6e0e5e,5000,5000,0.05,,,with_replacement,m2_model_bank_v1,1183,ehristoforu__rmoe-v1,336e8580a5d5401cf2abc5c445dbc15b88023c68,1,0.3956,0.294,1,08a2df9b0b56a4e341fb55d9d164d834595bd9532db737455d24cf70fec3dc4f,57bdc1d4d1f1d86035923fa7a41a561b5c8b16bdc434dc39ef65cff6c4fe8dbb
m2_row_1183,faq,bet_uniform,0.1,20,1237.85,101.78241175225352,1.0,0.0,1.0,0.0,1.0,0.0,0.0,0.0,faq,,,,0.1016,43cfe8e6c081c1cd6729da6c787daaafa6405da490d33a27f2d2671e0e6e0e5e,5000,5000,0.05,,,with_replacement,m2_model_bank_v1,1183,ehristoforu__rmoe-v1,336e8580a5d5401cf2abc5c445dbc15b88023c68,1,0.3956,0.294,1,08a2df9b0b56a4e341fb55d9d164d834595bd9532db737455d24cf70fec3dc4f,57bdc1d4d1f1d86035923fa7a41a561b5c8b16bdc434dc39ef65cff6c4fe8dbb
m2_row_1183,faq,bet_uniform,0.125,20,693.65,65.9481564723781,1.0,0.0,1.0,0.0,1.0,0.0,0.0,0.0,faq,,,,0.1016,43cfe8e6c081c1cd6729da6c787daaafa6405da490d33a27f2d2671e0e6e0e5e,5000,5000,0.05,,,with_replacement,m2_model_bank_v1,1183,ehristoforu__rmoe-v1,336e8580a5d5401cf2abc5c445dbc15b88023c68,1,0.3956,0.294,1,08a2df9b0b56a4e341fb55d9d164d834595bd9532db737455d24cf70fec3dc4f,57bdc1d4d1f1d86035923fa7a41a561b5c8b16bdc434dc39ef65cff6c4fe8dbb
m2_row_1183,faq,bet_uniform,0.15,20,441.45,44.64093442476076,1.0,0.0,1.0,0.0,1.0,0.0,0.0,0.0,faq,,,,0.1016,43cfe8e6c081c1cd6729da6c787daaafa6405da490d33a27f2d2671e0e6e0e5e,5000,5000,0.05,,,with_replacement,m2_model_bank_v1,1183,ehristoforu__rmoe-v1,336e8580a5d5401cf2abc5c445dbc15b88023c68,1,0.3956,0.294,1,08a2df9b0b56a4e341fb55d9d164d834595bd9532db737455d24cf70fec3dc4f,57bdc1d4d1f1d86035923fa7a41a561b5c8b16bdc434dc39ef65cff6c4fe8dbb
m2_row_1183,no_side_information,hedged_uniform,0.05,20,1990.5,139.58426053632869,1.0,0.0,0.95,0.049999999999999885,0.95,0.049999999999999885,0.0,0.0,none,,,,0.1016,43cfe8e6c081c1cd6729da6c787daaafa6405da490d33a27f2d2671e0e6e0e5e,5000,5000,0.05,0.5,0.5,with_replacement,m2_model_bank_v1,1183,ehristoforu__rmoe-v1,336e8580a5d5401cf2abc5c445dbc15b88023c68,1,0.3956,0.294,1,08a2df9b0b56a4e341fb55d9d164d834595bd9532db737455d24cf70fec3dc4f,57bdc1d4d1f1d86035923fa7a41a561b5c8b16bdc434dc39ef65cff6c4fe8dbb
m2_row_1183,no_side_information,hedged_uniform,0.075,20,681.65,50.227339745349234,1.0,0.0,0.95,0.049999999999999885,0.95,0.049999999999999885,0.0,0.0,none,,,,0.1016,43cfe8e6c081c1cd6729da6c787daaafa6405da490d33a27f2d2671e0e6e0e5e,5000,5000,0.05,0.5,0.5,with_replacement,m2_model_bank_v1,1183,ehristoforu__rmoe-v1,336e8580a5d5401cf2abc5c445dbc15b88023c68,1,0.3956,0.294,1,08a2df9b0b56a4e341fb55d9d164d834595bd9532db737455d24cf70fec3dc4f,57bdc1d4d1f1d86035923fa7a41a561b5c8b16bdc434dc39ef65cff6c4fe8dbb
m2_row_1183,no_side_information,hedged_uniform,0.1,20,314.75,28.08041788188083,1.0,0.0,1.0,0.0,0.95,0.049999999999999885,0.0,0.0,none,,,,0.1016,43cfe8e6c081c1cd6729da6c787daaafa6405da490d33a27f2d2671e0e6e0e5e,5000,5000,0.05,0.5,0.5,with_replacement,m2_model_bank_v1,1183,ehristoforu__rmoe-v1,336e8580a5d5401cf2abc5c445dbc15b88023c68,1,0.3956,0.294,1,08a2df9b0b56a4e341fb55d9d164d834595bd9532db737455d24cf70fec3dc4f,57bdc1d4d1f1d86035923fa7a41a561b5c8b16bdc434dc39ef65cff6c4fe8dbb
m2_row_1183,no_side_information,hedged_uniform,0.125,20,182.65,17.488834784091914,1.0,0.0,1.0,0.0,0.95,0.049999999999999885,0.0,0.0,none,,,,0.1016,43cfe8e6c081c1cd6729da6c787daaafa6405da490d33a27f2d2671e0e6e0e5e,5000,5000,0.05,0.5,0.5,with_replacement,m2_model_bank_v1,1183,ehristoforu__rmoe-v1,336e8580a5d5401cf2abc5c445dbc15b88023c68,1,0.3956,0.294,1,08a2df9b0b56a4e341fb55d9d164d834595bd9532db737455d24cf70fec3dc4f,57bdc1d4d1f1d86035923fa7a41a561b5c8b16bdc434dc39ef65cff6c4fe8dbb
m2_row_1183,no_side_information,hedged_uniform,0.15,20,122.7,10.27083248816764,1.0,0.0,1.0,0.0,0.95,0.049999999999999885,0.0,0.0,none,,,,0.1016,43cfe8e6c081c1cd6729da6c787daaafa6405da490d33a27f2d2671e0e6e0e5e,5000,5000,0.05,0.5,0.5,with_replacement,m2_model_bank_v1,1183,ehristoforu__rmoe-v1,336e8580a5d5401cf2abc5c445dbc15b88023c68,1,0.3956,0.294,1,08a2df9b0b56a4e341fb55d9d164d834595bd9532db737455d24cf70fec3dc4f,57bdc1d4d1f1d86035923fa7a41a561b5c8b16bdc434dc39ef65cff6c4fe8dbb
m2_row_1183,no_side_information,hedged_wor,0.05,20,1655.9,74.6627469992476,1.0,0.0,0.85,0.08191780219091249,0.85,0.08191780219091249,0.0,0.0,none,,,,0.1016,43cfe8e6c081c1cd6729da6c787daaafa6405da490d33a27f2d2671e0e6e0e5e,5000,5000,0.05,0.5,0.5,without_replacement,m2_model_bank_v1,1183,ehristoforu__rmoe-v1,336e8580a5d5401cf2abc5c445dbc15b88023c68,1,0.3956,0.294,1,08a2df9b0b56a4e341fb55d9d164d834595bd9532db737455d24cf70fec3dc4f,57bdc1d4d1f1d86035923fa7a41a561b5c8b16bdc434dc39ef65cff6c4fe8dbb
m2_row_1183,no_side_information,hedged_wor,0.075,20,661.25,46.052137215391674,1.0,0.0,0.85,0.08191780219091249,0.85,0.08191780219091249,0.0,0.0,none,,,,0.1016,43cfe8e6c081c1cd6729da6c787daaafa6405da490d33a27f2d2671e0e6e0e5e,5000,5000,0.05,0.5,0.5,without_replacement,m2_model_bank_v1,1183,ehristoforu__rmoe-v1,336e8580a5d5401cf2abc5c445dbc15b88023c68,1,0.3956,0.294,1,08a2df9b0b56a4e341fb55d9d164d834595bd9532db737455d24cf70fec3dc4f,57bdc1d4d1f1d86035923fa7a41a561b5c8b16bdc434dc39ef65cff6c4fe8dbb
m2_row_1183,no_side_information,hedged_wor,0.1,20,336.3,31.507484490948634,1.0,0.0,0.9,0.06882472016116842,0.85,0.08191780219091249,0.0,0.0,none,,,,0.1016,43cfe8e6c081c1cd6729da6c787daaafa6405da490d33a27f2d2671e0e6e0e5e,5000,5000,0.05,0.5,0.5,without_replacement,m2_model_bank_v1,1183,ehristoforu__rmoe-v1,336e8580a5d5401cf2abc5c445dbc15b88023c68,1,0.3956,0.294,1,08a2df9b0b56a4e341fb55d9d164d834595bd9532db737455d24cf70fec3dc4f,57bdc1d4d1f1d86035923fa7a41a561b5c8b16bdc434dc39ef65cff6c4fe8dbb
m2_row_1183,no_side_information,hedged_wor,0.125,20,189.95,19.73635104652274,1.0,0.0,1.0,0.0,0.85,0.08191780219091249,0.0,0.0,none,,,,0.1016,43cfe8e6c081c1cd6729da6c787daaafa6405da490d33a27f2d2671e0e6e0e5e,5000,5000,0.05,0.5,0.5,without_replacement,m2_model_bank_v1,1183,ehristoforu__rmoe-v1,336e8580a5d5401cf2abc5c445dbc15b88023c68,1,0.3956,0.294,1,08a2df9b0b56a4e341fb55d9d164d834595bd9532db737455d24cf70fec3dc4f,57bdc1d4d1f1d86035923fa7a41a561b5c8b16bdc434dc39ef65cff6c4fe8dbb
m2_row_1183,no_side_information,hedged_wor,0.15,20,129.45,12.558594247513708,1.0,0.0,1.0,0.0,0.85,0.08191780219091249,0.0,0.0,none,,,,0.1016,43cfe8e6c081c1cd6729da6c787daaafa6405da490d33a27f2d2671e0e6e0e5e,5000,5000,0.05,0.5,0.5,without_replacement,m2_model_bank_v1,1183,ehristoforu__rmoe-v1,336e8580a5d5401cf2abc5c445dbc15b88023c68,1,0.3956,0.294,1,08a2df9b0b56a4e341fb55d9d164d834595bd9532db737455d24cf70fec3dc4f,57bdc1d4d1f1d86035923fa7a41a561b5c8b16bdc434dc39ef65cff6c4fe8dbb
m2_row_1183,faq,ripr_maxmax,0.05,20,4878.55,109.24235430309996,0.1,0.0688247201611685,0.95,0.049999999999999885,0.95,0.049999999999999885,0.0,0.0,faq,,,,0.1016,43cfe8e6c081c1cd6729da6c787daaafa6405da490d33a27f2d2671e0e6e0e5e,5000,5000,0.05,,,with_replacement,m2_model_bank_v1,1183,ehristoforu__rmoe-v1,336e8580a5d5401cf2abc5c445dbc15b88023c68,1,0.3956,0.294,1,08a2df9b0b56a4e341fb55d9d164d834595bd9532db737455d24cf70fec3dc4f,57bdc1d4d1f1d86035923fa7a41a561b5c8b16bdc434dc39ef65cff6c4fe8dbb
m2_row_1183,faq,ripr_maxmax,0.075,20,4631.65,181.57079632734875,0.2,0.0917662935482247,0.95,0.049999999999999885,0.95,0.049999999999999885,0.0,0.0,faq,,,,0.1016,43cfe8e6c081c1cd6729da6c787daaafa6405da490d33a27f2d2671e0e6e0e5e,5000,5000,0.05,,,with_replacement,m2_model_bank_v1,1183,ehristoforu__rmoe-v1,336e8580a5d5401cf2abc5c445dbc15b88023c68,1,0.3956,0.294,1,08a2df9b0b56a4e341fb55d9d164d834595bd9532db737455d24cf70fec3dc4f,57bdc1d4d1f1d86035923fa7a41a561b5c8b16bdc434dc39ef65cff6c4fe8dbb
m2_row_1183,faq,ripr_maxmax,0.1,20,4307.3,249.94018337025702,0.45,0.11413288653790231,0.95,0.049999999999999885,0.95,0.049999999999999885,0.0,0.0,faq,,,,0.1016,43cfe8e6c081c1cd6729da6c787daaafa6405da490d33a27f2d2671e0e6e0e5e,5000,5000,0.05,,,with_replacement,m2_model_bank_v1,1183,ehristoforu__rmoe-v1,336e8580a5d5401cf2abc5c445dbc15b88023c68,1,0.3956,0.294,1,08a2df9b0b56a4e341fb55d9d164d834595bd9532db737455d24cf70fec3dc4f,57bdc1d4d1f1d86035923fa7a41a561b5c8b16bdc434dc39ef65cff6c4fe8dbb
m2_row_1183,faq,ripr_maxmax,0.125,20,3487.95,387.3506535631372,0.55,0.11413288653790231,0.95,0.049999999999999885,0.95,0.049999999999999885,0.0,0.0,faq,,,,0.1016,43cfe8e6c081c1cd6729da6c787daaafa6405da490d33a27f2d2671e0e6e0e5e,5000,5000,0.05,,,with_replacement,m2_model_bank_v1,1183,ehristoforu__rmoe-v1,336e8580a5d5401cf2abc5c445dbc15b88023c68,1,0.3956,0.294,1,08a2df9b0b56a4e341fb55d9d164d834595bd9532db737455d24cf70fec3dc4f,57bdc1d4d1f1d86035923fa7a41a561b5c8b16bdc434dc39ef65cff6c4fe8dbb
m2_row_1183,faq,ripr_maxmax,0.15,20,2845.65,408.00108536362336,0.85,0.08191780219091249,0.95,0.049999999999999885,0.95,0.049999999999999885,0.0,0.0,faq,,,,0.1016,43cfe8e6c081c1cd6729da6c787daaafa6405da490d33a27f2d2671e0e6e0e5e,5000,5000,0.05,,,with_replacement,m2_model_bank_v1,1183,ehristoforu__rmoe-v1,336e8580a5d5401cf2abc5c445dbc15b88023c68,1,0.3956,0.294,1,08a2df9b0b56a4e341fb55d9d164d834595bd9532db737455d24cf70fec3dc4f,57bdc1d4d1f1d86035923fa7a41a561b5c8b16bdc434dc39ef65cff6c4fe8dbb
m2_row_1183,faq,ripr_maxmin,0.05,20,4218.85,311.60935627970565,0.35,0.1094243309804831,0.9,0.06882472016116842,0.9,0.06882472016116842,0.0,0.0,faq,,,,0.1016,43cfe8e6c081c1cd6729da6c787daaafa6405da490d33a27f2d2671e0e6e0e5e,5000,5000,0.05,,,with_replacement,m2_model_bank_v1,1183,ehristoforu__rmoe-v1,336e8580a5d5401cf2abc5c445dbc15b88023c68,1,0.3956,0.294,1,08a2df9b0b56a4e341fb55d9d164d834595bd9532db737455d24cf70fec3dc4f,57bdc1d4d1f1d86035923fa7a41a561b5c8b16bdc434dc39ef65cff6c4fe8dbb
m2_row_1183,faq,ripr_maxmin,0.075,20,3003.35,336.8909887329635,0.85,0.08191780219091249,0.9,0.06882472016116842,0.9,0.06882472016116842,0.0,0.0,faq,,,,0.1016,43cfe8e6c081c1cd6729da6c787daaafa6405da490d33a27f2d2671e0e6e0e5e,5000,5000,0.05,,,with_replacement,m2_model_bank_v1,1183,ehristoforu__rmoe-v1,336e8580a5d5401cf2abc5c445dbc15b88023c68,1,0.3956,0.294,1,08a2df9b0b56a4e341fb55d9d164d834595bd9532db737455d24cf70fec3dc4f,57bdc1d4d1f1d86035923fa7a41a561b5c8b16bdc434dc39ef65cff6c4fe8dbb
m2_row_1183,faq,ripr_maxmin,0.1,20,1738.2,207.38316431693593,1.0,0.0,0.9,0.06882472016116842,0.9,0.06882472016116842,0.0,0.0,faq,,,,0.1016,43cfe8e6c081c1cd6729da6c787daaafa6405da490d33a27f2d2671e0e6e0e5e,5000,5000,0.05,,,with_replacement,m2_model_bank_v1,1183,ehristoforu__rmoe-v1,336e8580a5d5401cf2abc5c445dbc15b88023c68,1,0.3956,0.294,1,08a2df9b0b56a4e341fb55d9d164d834595bd9532db737455d24cf70fec3dc4f,57bdc1d4d1f1d86035923fa7a41a561b5c8b16bdc434dc39ef65cff6c4fe8dbb
m2_row_1183,faq,ripr_maxmin,0.125,20,1137.35,137.11219522328193,1.0,0.0,0.9,0.06882472016116842,0.9,0.06882472016116842,0.0,0.0,faq,,,,0.1016,43cfe8e6c081c1cd6729da6c787daaafa6405da490d33a27f2d2671e0e6e0e5e,5000,5000,0.05,,,with_replacement,m2_model_bank_v1,1183,ehristoforu__rmoe-v1,336e8580a5d5401cf2abc5c445dbc15b88023c68,1,0.3956,0.294,1,08a2df9b0b56a4e341fb55d9d164d834595bd9532db737455d24cf70fec3dc4f,57bdc1d4d1f1d86035923fa7a41a561b5c8b16bdc434dc39ef65cff6c4fe8dbb
m2_row_1183,faq,ripr_maxmin,0.15,20,758.45,97.50974242823663,1.0,0.0,0.9,0.06882472016116842,0.9,0.06882472016116842,0.0,0.0,faq,,,,0.1016,43cfe8e6c081c1cd6729da6c787daaafa6405da490d33a27f2d2671e0e6e0e5e,5000,5000,0.05,,,with_replacement,m2_model_bank_v1,1183,ehristoforu__rmoe-v1,336e8580a5d5401cf2abc5c445dbc15b88023c68,1,0.3956,0.294,1,08a2df9b0b56a4e341fb55d9d164d834595bd9532db737455d24cf70fec3dc4f,57bdc1d4d1f1d86035923fa7a41a561b5c8b16bdc434dc39ef65cff6c4fe8dbb
m2_row_1183,faq,ripr_uniform,0.05,20,4920.9,79.10000000000119,0.05,0.0499999999999999,1.0,0.0,1.0,0.0,0.0,0.0,faq,,,,0.1016,43cfe8e6c081c1cd6729da6c787daaafa6405da490d33a27f2d2671e0e6e0e5e,5000,5000,0.05,,,with_replacement,m2_model_bank_v1,1183,ehristoforu__rmoe-v1,336e8580a5d5401cf2abc5c445dbc15b88023c68,1,0.3956,0.294,1,08a2df9b0b56a4e341fb55d9d164d834595bd9532db737455d24cf70fec3dc4f,57bdc1d4d1f1d86035923fa7a41a561b5c8b16bdc434dc39ef65cff6c4fe8dbb
m2_row_1183,faq,ripr_uniform,0.075,20,3940.8,250.17862671131175,0.65,0.1094243309804831,1.0,0.0,1.0,0.0,0.0,0.0,faq,,,,0.1016,43cfe8e6c081c1cd6729da6c787daaafa6405da490d33a27f2d2671e0e6e0e5e,5000,5000,0.05,,,with_replacement,m2_model_bank_v1,1183,ehristoforu__rmoe-v1,336e8580a5d5401cf2abc5c445dbc15b88023c68,1,0.3956,0.294,1,08a2df9b0b56a4e341fb55d9d164d834595bd9532db737455d24cf70fec3dc4f,57bdc1d4d1f1d86035923fa7a41a561b5c8b16bdc434dc39ef65cff6c4fe8dbb
m2_row_1183,faq,ripr_uniform,0.1,20,2391.9,242.45811249737443,1.0,0.0,1.0,0.0,1.0,0.0,0.0,0.0,faq,,,,0.1016,43cfe8e6c081c1cd6729da6c787daaafa6405da490d33a27f2d2671e0e6e0e5e,5000,5000,0.05,,,with_replacement,m2_model_bank_v1,1183,ehristoforu__rmoe-v1,336e8580a5d5401cf2abc5c445dbc15b88023c68,1,0.3956,0.294,1,08a2df9b0b56a4e341fb55d9d164d834595bd9532db737455d24cf70fec3dc4f,57bdc1d4d1f1d86035923fa7a41a561b5c8b16bdc434dc39ef65cff6c4fe8dbb
m2_row_1183,faq,ripr_uniform,0.125,20,1414.65,144.2969758409444,1.0,0.0,1.0,0.0,1.0,0.0,0.0,0.0,faq,,,,0.1016,43cfe8e6c081c1cd6729da6c787daaafa6405da490d33a27f2d2671e0e6e0e5e,5000,5000,0.05,,,with_replacement,m2_model_bank_v1,1183,ehristoforu__rmoe-v1,336e8580a5d5401cf2abc5c445dbc15b88023c68,1,0.3956,0.294,1,08a2df9b0b56a4e341fb55d9d164d834595bd9532db737455d24cf70fec3dc4f,57bdc1d4d1f1d86035923fa7a41a561b5c8b16bdc434dc39ef65cff6c4fe8dbb
m2_row_1183,faq,ripr_uniform,0.15,20,896.85,101.61652049170995,1.0,0.0,1.0,0.0,1.0,0.0,0.0,0.0,faq,,,,0.1016,43cfe8e6c081c1cd6729da6c787daaafa6405da490d33a27f2d2671e0e6e0e5e,5000,5000,0.05,,,with_replacement,m2_model_bank_v1,1183,ehristoforu__rmoe-v1,336e8580a5d5401cf2abc5c445dbc15b88023c68,1,0.3956,0.294,1,08a2df9b0b56a4e341fb55d9d164d834595bd9532db737455d24cf70fec3dc4f,57bdc1d4d1f1d86035923fa7a41a561b5c8b16bdc434dc39ef65cff6c4fe8dbb
m2_row_1506,faq,bet_maxmax,0.05,20,2855.85,60.06453875448895,1.0,0.0,1.0,0.0,1.0,0.0,0.0,0.0,faq,,,,0.25,04f677e6ac52bd8e217c3f6deb72e7db941ba621bf08ba40d7666317a0e85c07,5000,5000,0.05,,,with_replacement,m2_model_bank_v1,1506,mobiuslabsgmbh__DeepSeek-R1-ReDistill-Llama3-8B-v1.1,ed937eab4c3dddd5b472c47cb6c4dc2782de3ea3,1,0.3956,0.1456,1,08a2df9b0b56a4e341fb55d9d164d834595bd9532db737455d24cf70fec3dc4f,57bdc1d4d1f1d86035923fa7a41a561b5c8b16bdc434dc39ef65cff6c4fe8dbb
m2_row_1506,faq,bet_maxmax,0.075,20,1840.6,45.745313248577915,1.0,0.0,1.0,0.0,1.0,0.0,0.0,0.0,faq,,,,0.25,04f677e6ac52bd8e217c3f6deb72e7db941ba621bf08ba40d7666317a0e85c07,5000,5000,0.05,,,with_replacement,m2_model_bank_v1,1506,mobiuslabsgmbh__DeepSeek-R1-ReDistill-Llama3-8B-v1.1,ed937eab4c3dddd5b472c47cb6c4dc2782de3ea3,1,0.3956,0.1456,1,08a2df9b0b56a4e341fb55d9d164d834595bd9532db737455d24cf70fec3dc4f,57bdc1d4d1f1d86035923fa7a41a561b5c8b16bdc434dc39ef65cff6c4fe8dbb
m2_row_1506,faq,bet_maxmax,0.1,20,1337.4,30.377917880210852,1.0,0.0,1.0,0.0,1.0,0.0,0.0,0.0,faq,,,,0.25,04f677e6ac52bd8e217c3f6deb72e7db941ba621bf08ba40d7666317a0e85c07,5000,5000,0.05,,,with_replacement,m2_model_bank_v1,1506,mobiuslabsgmbh__DeepSeek-R1-ReDistill-Llama3-8B-v1.1,ed937eab4c3dddd5b472c47cb6c4dc2782de3ea3,1,0.3956,0.1456,1,08a2df9b0b56a4e341fb55d9d164d834595bd9532db737455d24cf70fec3dc4f,57bdc1d4d1f1d86035923fa7a41a561b5c8b16bdc434dc39ef65cff6c4fe8dbb
m2_row_1506,faq,bet_maxmax,0.125,20,1055.55,25.23953404774673,1.0,0.0,1.0,0.0,1.0,0.0,0.0,0.0,faq,,,,0.25,04f677e6ac52bd8e217c3f6deb72e7db941ba621bf08ba40d7666317a0e85c07,5000,5000,0.05,,,with_replacement,m2_model_bank_v1,1506,mobiuslabsgmbh__DeepSeek-R1-ReDistill-Llama3-8B-v1.1,ed937eab4c3dddd5b472c47cb6c4dc2782de3ea3,1,0.3956,0.1456,1,08a2df9b0b56a4e341fb55d9d164d834595bd9532db737455d24cf70fec3dc4f,57bdc1d4d1f1d86035923fa7a41a561b5c8b16bdc434dc39ef65cff6c4fe8dbb
m2_row_1506,faq,bet_maxmax,0.15,20,870.5,20.140362720822974,1.0,0.0,1.0,0.0,1.0,0.0,0.0,0.0,faq,,,,0.25,04f677e6ac52bd8e217c3f6deb72e7db941ba621bf08ba40d7666317a0e85c07,5000,5000,0.05,,,with_replacement,m2_model_bank_v1,1506,mobiuslabsgmbh__DeepSeek-R1-ReDistill-Llama3-8B-v1.1,ed937eab4c3dddd5b472c47cb6c4dc2782de3ea3,1,0.3956,0.1456,1,08a2df9b0b56a4e341fb55d9d164d834595bd9532db737455d24cf70fec3dc4f,57bdc1d4d1f1d86035923fa7a41a561b5c8b16bdc434dc39ef65cff6c4fe8dbb
m2_row_1506,faq,bet_maxmin,0.05,20,2732.0,43.53069092756947,1.0,0.0,1.0,0.0,1.0,0.0,0.0,0.0,faq,,,,0.25,04f677e6ac52bd8e217c3f6deb72e7db941ba621bf08ba40d7666317a0e85c07,5000,5000,0.05,,,with_replacement,m2_model_bank_v1,1506,mobiuslabsgmbh__DeepSeek-R1-ReDistill-Llama3-8B-v1.1,ed937eab4c3dddd5b472c47cb6c4dc2782de3ea3,1,0.3956,0.1456,1,08a2df9b0b56a4e341fb55d9d164d834595bd9532db737455d24cf70fec3dc4f,57bdc1d4d1f1d86035923fa7a41a561b5c8b16bdc434dc39ef65cff6c4fe8dbb
m2_row_1506,faq,bet_maxmin,0.075,20,1803.3,31.078093486197798,1.0,0.0,1.0,0.0,1.0,0.0,0.0,0.0,faq,,,,0.25,04f677e6ac52bd8e217c3f6deb72e7db941ba621bf08ba40d7666317a0e85c07,5000,5000,0.05,,,with_replacement,m2_model_bank_v1,1506,mobiuslabsgmbh__DeepSeek-R1-ReDistill-Llama3-8B-v1.1,ed937eab4c3dddd5b472c47cb6c4dc2782de3ea3,1,0.3956,0.1456,1,08a2df9b0b56a4e341fb55d9d164d834595bd9532db737455d24cf70fec3dc4f,57bdc1d4d1f1d86035923fa7a41a561b5c8b16bdc434dc39ef65cff6c4fe8dbb
m2_row_1506,faq,bet_maxmin,0.1,20,1339.1,22.55693381552348,1.0,0.0,1.0,0.0,1.0,0.0,0.0,0.0,faq,,,,0.25,04f677e6ac52bd8e217c3f6deb72e7db941ba621bf08ba40d7666317a0e85c07,5000,5000,0.05,,,with_replacement,m2_model_bank_v1,1506,mobiuslabsgmbh__DeepSeek-R1-ReDistill-Llama3-8B-v1.1,ed937eab4c3dddd5b472c47cb6c4dc2782de3ea3,1,0.3956,0.1456,1,08a2df9b0b56a4e341fb55d9d164d834595bd9532db737455d24cf70fec3dc4f,57bdc1d4d1f1d86035923fa7a41a561b5c8b16bdc434dc39ef65cff6c4fe8dbb
m2_row_1506,faq,bet_maxmin,0.125,20,1054.05,12.30884897778434,1.0,0.0,1.0,0.0,1.0,0.0,0.0,0.0,faq,,,,0.25,04f677e6ac52bd8e217c3f6deb72e7db941ba621bf08ba40d7666317a0e85c07,5000,5000,0.05,,,with_replacement,m2_model_bank_v1,1506,mobiuslabsgmbh__DeepSeek-R1-ReDistill-Llama3-8B-v1.1,ed937eab4c3dddd5b472c47cb6c4dc2782de3ea3,1,0.3956,0.1456,1,08a2df9b0b56a4e341fb55d9d164d834595bd9532db737455d24cf70fec3dc4f,57bdc1d4d1f1d86035923fa7a41a561b5c8b16bdc434dc39ef65cff6c4fe8dbb
m2_row_1506,faq,bet_maxmin,0.15,20,866.45,9.332026067597209,1.0,0.0,1.0,0.0,1.0,0.0,0.0,0.0,faq,,,,0.25,04f677e6ac52bd8e217c3f6deb72e7db941ba621bf08ba40d7666317a0e85c07,5000,5000,0.05,,,with_replacement,m2_model_bank_v1,1506,mobiuslabsgmbh__DeepSeek-R1-ReDistill-Llama3-8B-v1.1,ed937eab4c3dddd5b472c47cb6c4dc2782de3ea3,1,0.3956,0.1456,1,08a2df9b0b56a4e341fb55d9d164d834595bd9532db737455d24cf70fec3dc4f,57bdc1d4d1f1d86035923fa7a41a561b5c8b16bdc434dc39ef65cff6c4fe8dbb
m2_row_1506,faq,bet_uniform,0.05,20,2739.8,324.3481122108418,0.85,0.08191780219091249,0.9,0.06882472016116842,0.9,0.06882472016116842,0.0,0.0,faq,,,,0.25,04f677e6ac52bd8e217c3f6deb72e7db941ba621bf08ba40d7666317a0e85c07,5000,5000,0.05,,,with_replacement,m2_model_bank_v1,1506,mobiuslabsgmbh__DeepSeek-R1-ReDistill-Llama3-8B-v1.1,ed937eab4c3dddd5b472c47cb6c4dc2782de3ea3,1,0.3956,0.1456,1,08a2df9b0b56a4e341fb55d9d164d834595bd9532db737455d24cf70fec3dc4f,57bdc1d4d1f1d86035923fa7a41a561b5c8b16bdc434dc39ef65cff6c4fe8dbb
m2_row_1506,faq,bet_uniform,0.075,20,1283.4,150.40131228430852,1.0,0.0,0.9,0.06882472016116842,0.9,0.06882472016116842,0.0,0.0,faq,,,,0.25,04f677e6ac52bd8e217c3f6deb72e7db941ba621bf08ba40d7666317a0e85c07,5000,5000,0.05,,,with_replacement,m2_model_bank_v1,1506,mobiuslabsgmbh__DeepSeek-R1-ReDistill-Llama3-8B-v1.1,ed937eab4c3dddd5b472c47cb6c4dc2782de3ea3,1,0.3956,0.1456,1,08a2df9b0b56a4e341fb55d9d164d834595bd9532db737455d24cf70fec3dc4f,57bdc1d4d1f1d86035923fa7a41a561b5c8b16bdc434dc39ef65cff6c4fe8dbb
m2_row_1506,faq,bet_uniform,0.1,20,675.65,82.01547591444974,1.0,0.0,0.9,0.06882472016116842,0.9,0.06882472016116842,0.0,0.0,faq,,,,0.25,04f677e6ac52bd8e217c3f6deb72e7db941ba621bf08ba40d7666317a0e85c07,5000,5000,0.05,,,with_replacement,m2_model_bank_v1,1506,mobiuslabsgmbh__DeepSeek-R1-ReDistill-Llama3-8B-v1.1,ed937eab4c3dddd5b472c47cb6c4dc2782de3ea3,1,0.3956,0.1456,1,08a2df9b0b56a4e341fb55d9d164d834595bd9532db737455d24cf70fec3dc4f,57bdc1d4d1f1d86035923fa7a41a561b5c8b16bdc434dc39ef65cff6c4fe8dbb
m2_row_1506,faq,bet_uniform,0.125,20,402.3,47.36888274628797,1.0,0.0,0.9,0.06882472016116842,0.9,0.06882472016116842,0.0,0.0,faq,,,,0.25,04f677e6ac52bd8e217c3f6deb72e7db941ba621bf08ba40d7666317a0e85c07,5000,5000,0.05,,,with_replacement,m2_model_bank_v1,1506,mobiuslabsgmbh__DeepSeek-R1-ReDistill-Llama3-8B-v1.1,ed937eab4c3dddd5b472c47cb6c4dc2782de3ea3,1,0.3956,0.1456,1,08a2df9b0b56a4e341fb55d9d164d834595bd9532db737455d24cf70fec3dc4f,57bdc1d4d1f1d86035923fa7a41a561b5c8b16bdc434dc39ef65cff6c4fe8dbb
m2_row_1506,faq,bet_uniform,0.15,20,255.85,34.54922308517912,1.0,0.0,0.9,0.06882472016116842,0.9,0.06882472016116842,0.0,0.0,faq,,,,0.25,04f677e6ac52bd8e217c3f6deb72e7db941ba621bf08ba40d7666317a0e85c07,5000,5000,0.05,,,with_replacement,m2_model_bank_v1,1506,mobiuslabsgmbh__DeepSeek-R1-ReDistill-Llama3-8B-v1.1,ed937eab4c3dddd5b472c47cb6c4dc2782de3ea3,1,0.3956,0.1456,1,08a2df9b0b56a4e341fb55d9d164d834595bd9532db737455d24cf70fec3dc4f,57bdc1d4d1f1d86035923fa7a41a561b5c8b16bdc434dc39ef65cff6c4fe8dbb
m2_row_1506,no_side_information,hedged_uniform,0.05,20,4824.15,175.27191318814252,0.1,0.0688247201611685,0.95,0.049999999999999885,0.95,0.049999999999999885,0.0,0.0,none,,,,0.25,04f677e6ac52bd8e217c3f6deb72e7db941ba621bf08ba40d7666317a0e85c07,5000,5000,0.05,0.5,0.5,with_replacement,m2_model_bank_v1,1506,mobiuslabsgmbh__DeepSeek-R1-ReDistill-Llama3-8B-v1.1,ed937eab4c3dddd5b472c47cb6c4dc2782de3ea3,1,0.3956,0.1456,1,08a2df9b0b56a4e341fb55d9d164d834595bd9532db737455d24cf70fec3dc4f,57bdc1d4d1f1d86035923fa7a41a561b5c8b16bdc434dc39ef65cff6c4fe8dbb
m2_row_1506,no_side_information,hedged_uniform,0.075,20,2482.2,171.4544837558938,1.0,0.0,0.95,0.049999999999999885,0.95,0.049999999999999885,0.0,0.0,none,,,,0.25,04f677e6ac52bd8e217c3f6deb72e7db941ba621bf08ba40d7666317a0e85c07,5000,5000,0.05,0.5,0.5,with_replacement,m2_model_bank_v1,1506,mobiuslabsgmbh__DeepSeek-R1-ReDistill-Llama3-8B-v1.1,ed937eab4c3dddd5b472c47cb6c4dc2782de3ea3,1,0.3956,0.1456,1,08a2df9b0b56a4e341fb55d9d164d834595bd9532db737455d24cf70fec3dc4f,57bdc1d4d1f1d86035923fa7a41a561b5c8b16bdc434dc39ef65cff6c4fe8dbb
m2_row_1506,no_side_information,hedged_uniform,0.1,20,1144.7,87.24267726773465,1.0,0.0,0.95,0.049999999999999885,0.95,0.049999999999999885,0.0,0.0,none,,,,0.25,04f677e6ac52bd8e217c3f6deb72e7db941ba621bf08ba40d7666317a0e85c07,5000,5000,0.05,0.5,0.5,with_replacement,m2_model_bank_v1,1506,mobiuslabsgmbh__DeepSeek-R1-ReDistill-Llama3-8B-v1.1,ed937eab4c3dddd5b472c47cb6c4dc2782de3ea3,1,0.3956,0.1456,1,08a2df9b0b56a4e341fb55d9d164d834595bd9532db737455d24cf70fec3dc4f,57bdc1d4d1f1d86035923fa7a41a561b5c8b16bdc434dc39ef65cff6c4fe8dbb
m2_row_1506,no_side_information,hedged_uniform,0.125,20,630.7,51.03673083904219,1.0,0.0,0.95,0.049999999999999885,0.95,0.049999999999999885,0.0,0.0,none,,,,0.25,04f677e6ac52bd8e217c3f6deb72e7db941ba621bf08ba40d7666317a0e85c07,5000,5000,0.05,0.5,0.5,with_replacement,m2_model_bank_v1,1506,mobiuslabsgmbh__DeepSeek-R1-ReDistill-Llama3-8B-v1.1,ed937eab4c3dddd5b472c47cb6c4dc2782de3ea3,1,0.3956,0.1456,1,08a2df9b0b56a4e341fb55d9d164d834595bd9532db737455d24cf70fec3dc4f,57bdc1d4d1f1d86035923fa7a41a561b5c8b16bdc434dc39ef65cff6c4fe8dbb
m2_row_1506,no_side_information,hedged_uniform,0.15,20,387.6,32.04539543243385,1.0,0.0,0.95,0.049999999999999885,0.95,0.049999999999999885,0.0,0.0,none,,,,0.25,04f677e6ac52bd8e217c3f6deb72e7db941ba621bf08ba40d7666317a0e85c07,5000,5000,0.05,0.5,0.5,with_replacement,m2_model_bank_v1,1506,mobiuslabsgmbh__DeepSeek-R1-ReDistill-Llama3-8B-v1.1,ed937eab4c3dddd5b472c47cb6c4dc2782de3ea3,1,0.3956,0.1456,1,08a2df9b0b56a4e341fb55d9d164d834595bd9532db737455d24cf70fec3dc4f,57bdc1d4d1f1d86035923fa7a41a561b5c8b16bdc434dc39ef65cff6c4fe8dbb
m2_row_1506,no_side_information,hedged_wor,0.05,20,3248.2,151.3409987238652,1.0,0.0,0.9,0.06882472016116842,0.9,0.06882472016116842,0.0,0.0,none,,,,0.25,04f677e6ac52bd8e217c3f6deb72e7db941ba621bf08ba40d7666317a0e85c07,5000,5000,0.05,0.5,0.5,without_replacement,m2_model_bank_v1,1506,mobiuslabsgmbh__DeepSeek-R1-ReDistill-Llama3-8B-v1.1,ed937eab4c3dddd5b472c47cb6c4dc2782de3ea3,1,0.3956,0.1456,1,08a2df9b0b56a4e341fb55d9d164d834595bd9532db737455d24cf70fec3dc4f,57bdc1d4d1f1d86035923fa7a41a561b5c8b16bdc434dc39ef65cff6c4fe8dbb
m2_row_1506,no_side_information,hedged_wor,0.075,20,1841.55,97.31675019451204,1.0,0.0,0.9,0.06882472016116842,0.9,0.06882472016116842,0.0,0.0,none,,,,0.25,04f677e6ac52bd8e217c3f6deb72e7db941ba621bf08ba40d7666317a0e85c07,5000,5000,0.05,0.5,0.5,without_replacement,m2_model_bank_v1,1506,mobiuslabsgmbh__DeepSeek-R1-ReDistill-Llama3-8B-v1.1,ed937eab4c3dddd5b472c47cb6c4dc2782de3ea3,1,0.3956,0.1456,1,08a2df9b0b56a4e341fb55d9d164d834595bd9532db737455d24cf70fec3dc4f,57bdc1d4d1f1d86035923fa7a41a561b5c8b16bdc434dc39ef65cff6c4fe8dbb
m2_row_1506,no_side_information,hedged_wor,0.1,20,1048.5,65.18086173749244,1.0,0.0,0.9,0.06882472016116842,0.9,0.06882472016116842,0.0,0.0,none,,,,0.25,04f677e6ac52bd8e217c3f6deb72e7db941ba621bf08ba40d7666317a0e85c07,5000,5000,0.05,0.5,0.5,without_replacement,m2_model_bank_v1,1506,mobiuslabsgmbh__DeepSeek-R1-ReDistill-Llama3-8B-v1.1,ed937eab4c3dddd5b472c47cb6c4dc2782de3ea3,1,0.3956,0.1456,1,08a2df9b0b56a4e341fb55d9d164d834595bd9532db737455d24cf70fec3dc4f,57bdc1d4d1f1d86035923fa7a41a561b5c8b16bdc434dc39ef65cff6c4fe8dbb
m2_row_1506,no_side_information,hedged_wor,0.125,20,625.4,41.403750147973206,1.0,0.0,0.9,0.06882472016116842,0.9,0.06882472016116842,0.0,0.0,none,,,,0.25,04f677e6ac52bd8e217c3f6deb72e7db941ba621bf08ba40d7666317a0e85c07,5000,5000,0.05,0.5,0.5,without_replacement,m2_model_bank_v1,1506,mobiuslabsgmbh__DeepSeek-R1-ReDistill-Llama3-8B-v1.1,ed937eab4c3dddd5b472c47cb6c4dc2782de3ea3,1,0.3956,0.1456,1,08a2df9b0b56a4e341fb55d9d164d834595bd9532db737455d24cf70fec3dc4f,57bdc1d4d1f1d86035923fa7a41a561b5c8b16bdc434dc39ef65cff6c4fe8dbb
m2_row_1506,no_side_information,hedged_wor,0.15,20,395.95,27.952918593498197,1.0,0.0,0.9,0.06882472016116842,0.9,0.06882472016116842,0.0,0.0,none,,,,0.25,04f677e6ac52bd8e217c3f6deb72e7db941ba621bf08ba40d7666317a0e85c07,5000,5000,0.05,0.5,0.5,without_replacement,m2_model_bank_v1,1506,mobiuslabsgmbh__DeepSeek-R1-ReDistill-Llama3-8B-v1.1,ed937eab4c3dddd5b472c47cb6c4dc2782de3ea3,1,0.3956,0.1456,1,08a2df9b0b56a4e341fb55d9d164d834595bd9532db737455d24cf70fec3dc4f,57bdc1d4d1f1d86035923fa7a41a561b5c8b16bdc434dc39ef65cff6c4fe8dbb
m2_row_1506,faq,ripr_maxmax,0.05,20,4102.6,308.3683067884552,0.35,0.1094243309804831,1.0,0.0,1.0,0.0,0.0,0.0,faq,,,,0.25,04f677e6ac52bd8e217c3f6deb72e7db941ba621bf08ba40d7666317a0e85c07,5000,5000,0.05,,,with_replacement,m2_model_bank_v1,1506,mobiuslabsgmbh__DeepSeek-R1-ReDistill-Llama3-8B-v1.1,ed937eab4c3dddd5b472c47cb6c4dc2782de3ea3,1,0.3956,0.1456,1,08a2df9b0b56a4e341fb55d9d164d834595bd9532db737455d24cf70fec3dc4f,57bdc1d4d1f1d86035923fa7a41a561b5c8b16bdc434dc39ef65cff6c4fe8dbb
m2_row_1506,faq,ripr_maxmax,0.075,20,3356.75,380.2296527308062,0.6,0.1123902973898032,1.0,0.0,1.0,0.0,0.0,0.0,faq,,,,0.25,04f677e6ac52bd8e217c3f6deb72e7db941ba621bf08ba40d7666317a0e85c07,5000,5000,0.05,,,with_replacement,m2_model_bank_v1,1506,mobiuslabsgmbh__DeepSeek-R1-ReDistill-Llama3-8B-v1.1,ed937eab4c3dddd5b472c47cb6c4dc2782de3ea3,1,0.3956,0.1456,1,08a2df9b0b56a4e341fb55d9d164d834595bd9532db737455d24cf70fec3dc4f,57bdc1d4d1f1d86035923fa7a41a561b5c8b16bdc434dc39ef65cff6c4fe8dbb
m2_row_1506,faq,ripr_maxmax,0.1,20,2640.55,390.6042449644019,0.95,0.049999999999999885,1.0,0.0,1.0,0.0,0.0,0.0,faq,,,,0.25,04f677e6ac52bd8e217c3f6deb72e7db941ba621bf08ba40d7666317a0e85c07,5000,5000,0.05,,,with_replacement,m2_model_bank_v1,1506,mobiuslabsgmbh__DeepSeek-R1-ReDistill-Llama3-8B-v1.1,ed937eab4c3dddd5b472c47cb6c4dc2782de3ea3,1,0.3956,0.1456,1,08a2df9b0b56a4e341fb55d9d164d834595bd9532db737455d24cf70fec3dc4f,57bdc1d4d1f1d86035923fa7a41a561b5c8b16bdc434dc39ef65cff6c4fe8dbb
m2_row_1506,faq,ripr_maxmax,0.125,20,1972.7,311.68217702281953,1.0,0.0,1.0,0.0,1.0,0.0,0.0,0.0,faq,,,,0.25,04f677e6ac52bd8e217c3f6deb72e7db941ba621bf08ba40d7666317a0e85c07,5000,5000,0.05,,,with_replacement,m2_model_bank_v1,1506,mobiuslabsgmbh__DeepSeek-R1-ReDistill-Llama3-8B-v1.1,ed937eab4c3dddd5b472c47cb6c4dc2782de3ea3,1,0.3956,0.1456,1,08a2df9b0b56a4e341fb55d9d164d834595bd9532db737455d24cf70fec3dc4f,57bdc1d4d1f1d86035923fa7a41a561b5c8b16bdc434dc39ef65cff6c4fe8dbb
m2_row_1506,faq,ripr_maxmax,0.15,20,1521.5,254.56879434178805,1.0,0.0,1.0,0.0,1.0,0.0,0.0,0.0,faq,,,,0.25,04f677e6ac52bd8e217c3f6deb72e7db941ba621bf08ba40d7666317a0e85c07,5000,5000,0.05,,,with_replacement,m2_model_bank_v1,1506,mobiuslabsgmbh__DeepSeek-R1-ReDistill-Llama3-8B-v1.1,ed937eab4c3dddd5b472c47cb6c4dc2782de3ea3,1,0.3956,0.1456,1,08a2df9b0b56a4e341fb55d9d164d834595bd9532db737455d24cf70fec3dc4f,57bdc1d4d1f1d86035923fa7a41a561b5c8b16bdc434dc39ef65cff6c4fe8dbb
m2_row_1506,faq,ripr_maxmin,0.05,20,3127.25,304.23918806201084,0.8,0.09176629354822459,1.0,0.0,1.0,0.0,0.0,0.0,faq,,,,0.25,04f677e6ac52bd8e217c3f6deb72e7db941ba621bf08ba40d7666317a0e85c07,5000,5000,0.05,,,with_replacement,m2_model_bank_v1,1506,mobiuslabsgmbh__DeepSeek-R1-ReDistill-Llama3-8B-v1.1,ed937eab4c3dddd5b472c47cb6c4dc2782de3ea3,1,0.3956,0.1456,1,08a2df9b0b56a4e341fb55d9d164d834595bd9532db737455d24cf70fec3dc4f,57bdc1d4d1f1d86035923fa7a41a561b5c8b16bdc434dc39ef65cff6c4fe8dbb
m2_row_1506,faq,ripr_maxmin,0.075,20,2047.2,320.403615525957,0.85,0.08191780219091249,1.0,0.0,1.0,0.0,0.0,0.0,faq,,,,0.25,04f677e6ac52bd8e217c3f6deb72e7db941ba621bf08ba40d7666317a0e85c07,5000,5000,0.05,,,with_replacement,m2_model_bank_v1,1506,mobiuslabsgmbh__DeepSeek-R1-ReDistill-Llama3-8B-v1.1,ed937eab4c3dddd5b472c47cb6c4dc2782de3ea3,1,0.3956,0.1456,1,08a2df9b0b56a4e341fb55d9d164d834595bd9532db737455d24cf70fec3dc4f,57bdc1d4d1f1d86035923fa7a41a561b5c8b16bdc434dc39ef65cff6c4fe8dbb
m2_row_1506,faq,ripr_maxmin,0.1,20,1418.45,276.66745642985984,1.0,0.0,1.0,0.0,1.0,0.0,0.0,0.0,faq,,,,0.25,04f677e6ac52bd8e217c3f6deb72e7db941ba621bf08ba40d7666317a0e85c07,5000,5000,0.05,,,with_replacement,m2_model_bank_v1,1506,mobiuslabsgmbh__DeepSeek-R1-ReDistill-Llama3-8B-v1.1,ed937eab4c3dddd5b472c47cb6c4dc2782de3ea3,1,0.3956,0.1456,1,08a2df9b0b56a4e341fb55d9d164d834595bd9532db737455d24cf70fec3dc4f,57bdc1d4d1f1d86035923fa7a41a561b5c8b16bdc434dc39ef65cff6c4fe8dbb
m2_row_1506,faq,ripr_maxmin,0.125,20,1016.05,202.66775345247623,1.0,0.0,1.0,0.0,1.0,0.0,0.0,0.0,faq,,,,0.25,04f677e6ac52bd8e217c3f6deb72e7db941ba621bf08ba40d7666317a0e85c07,5000,5000,0.05,,,with_replacement,m2_model_bank_v1,1506,mobiuslabsgmbh__DeepSeek-R1-ReDistill-Llama3-8B-v1.1,ed937eab4c3dddd5b472c47cb6c4dc2782de3ea3,1,0.3956,0.1456,1,08a2df9b0b56a4e341fb55d9d164d834595bd9532db737455d24cf70fec3dc4f,57bdc1d4d1f1d86035923fa7a41a561b5c8b16bdc434dc39ef65cff6c4fe8dbb
m2_row_1506,faq,ripr_maxmin,0.15,20,738.8,159.2949201291346,1.0,0.0,1.0,0.0,1.0,0.0,0.0,0.0,faq,,,,0.25,04f677e6ac52bd8e217c3f6deb72e7db941ba621bf08ba40d7666317a0e85c07,5000,5000,0.05,,,with_replacement,m2_model_bank_v1,1506,mobiuslabsgmbh__DeepSeek-R1-ReDistill-Llama3-8B-v1.1,ed937eab4c3dddd5b472c47cb6c4dc2782de3ea3,1,0.3956,0.1456,1,08a2df9b0b56a4e341fb55d9d164d834595bd9532db737455d24cf70fec3dc4f,57bdc1d4d1f1d86035923fa7a41a561b5c8b16bdc434dc39ef65cff6c4fe8dbb
m2_row_1506,faq,ripr_uniform,0.05,20,3073.75,352.7808465009045,0.75,0.09933992677987818,0.9,0.06882472016116842,0.9,0.06882472016116842,0.0,0.0,faq,,,,0.25,04f677e6ac52bd8e217c3f6deb72e7db941ba621bf08ba40d7666317a0e85c07,5000,5000,0.05,,,with_replacement,m2_model_bank_v1,1506,mobiuslabsgmbh__DeepSeek-R1-ReDistill-Llama3-8B-v1.1,ed937eab4c3dddd5b472c47cb6c4dc2782de3ea3,1,0.3956,0.1456,1,08a2df9b0b56a4e341fb55d9d164d834595bd9532db737455d24cf70fec3dc4f,57bdc1d4d1f1d86035923fa7a41a561b5c8b16bdc434dc39ef65cff6c4fe8dbb
m2_row_1506,faq,ripr_uniform,0.075,20,1769.1,317.4588236871707,0.9,0.06882472016116842,0.9,0.06882472016116842,0.9,0.06882472016116842,0.0,0.0,faq,,,,0.25,04f677e6ac52bd8e217c3f6deb72e7db941ba621bf08ba40d7666317a0e85c07,5000,5000,0.05,,,with_replacement,m2_model_bank_v1,1506,mobiuslabsgmbh__DeepSeek-R1-ReDistill-Llama3-8B-v1.1,ed937eab4c3dddd5b472c47cb6c4dc2782de3ea3,1,0.3956,0.1456,1,08a2df9b0b56a4e341fb55d9d164d834595bd9532db737455d24cf70fec3dc4f,57bdc1d4d1f1d86035923fa7a41a561b5c8b16bdc434dc39ef65cff6c4fe8dbb
m2_row_1506,faq,ripr_uniform,0.1,20,1140.4,230.47377291136624,1.0,0.0,0.9,0.06882472016116842,0.9,0.06882472016116842,0.0,0.0,faq,,,,0.25,04f677e6ac52bd8e217c3f6deb72e7db941ba621bf08ba40d7666317a0e85c07,5000,5000,0.05,,,with_replacement,m2_model_bank_v1,1506,mobiuslabsgmbh__DeepSeek-R1-ReDistill-Llama3-8B-v1.1,ed937eab4c3dddd5b472c47cb6c4dc2782de3ea3,1,0.3956,0.1456,1,08a2df9b0b56a4e341fb55d9d164d834595bd9532db737455d24cf70fec3dc4f,57bdc1d4d1f1d86035923fa7a41a561b5c8b16bdc434dc39ef65cff6c4fe8dbb
m2_row_1506,faq,ripr_uniform,0.125,20,735.2,161.0706383122504,1.0,0.0,0.9,0.06882472016116842,0.9,0.06882472016116842,0.0,0.0,faq,,,,0.25,04f677e6ac52bd8e217c3f6deb72e7db941ba621bf08ba40d7666317a0e85c07,5000,5000,0.05,,,with_replacement,m2_model_bank_v1,1506,mobiuslabsgmbh__DeepSeek-R1-ReDistill-Llama3-8B-v1.1,ed937eab4c3dddd5b472c47cb6c4dc2782de3ea3,1,0.3956,0.1456,1,08a2df9b0b56a4e341fb55d9d164d834595bd9532db737455d24cf70fec3dc4f,57bdc1d4d1f1d86035923fa7a41a561b5c8b16bdc434dc39ef65cff6c4fe8dbb
m2_row_1506,faq,ripr_uniform,0.15,20,521.55,117.55577567579078,1.0,0.0,0.9,0.06882472016116842,0.9,0.06882472016116842,0.0,0.0,faq,,,,0.25,04f677e6ac52bd8e217c3f6deb72e7db941ba621bf08ba40d7666317a0e85c07,5000,5000,0.05,,,with_replacement,m2_model_bank_v1,1506,mobiuslabsgmbh__DeepSeek-R1-ReDistill-Llama3-8B-v1.1,ed937eab4c3dddd5b472c47cb6c4dc2782de3ea3,1,0.3956,0.1456,1,08a2df9b0b56a4e341fb55d9d164d834595bd9532db737455d24cf70fec3dc4f,57bdc1d4d1f1d86035923fa7a41a561b5c8b16bdc434dc39ef65cff6c4fe8dbb
m2_row_0483,faq,bet_maxmax,0.05,20,2647.0,30.064754675270684,1.0,0.0,1.0,0.0,1.0,0.0,0.0,0.0,faq,,,,0.3694,bea9aceef0b25c71f0389de7ffc04027d93c37f835900e119ac7a1059b100ab8,5000,5000,0.05,,,with_replacement,m2_model_bank_v1,483,inflatebot__MN-12B-Mag-Mell-R1,828ba587979d236de818af222a410bf888a6905d,1,0.3956,0.0262,1,08a2df9b0b56a4e341fb55d9d164d834595bd9532db737455d24cf70fec3dc4f,57bdc1d4d1f1d86035923fa7a41a561b5c8b16bdc434dc39ef65cff6c4fe8dbb
m2_row_0483,faq,bet_maxmax,0.075,20,1737.45,15.471616626992779,1.0,0.0,1.0,0.0,1.0,0.0,0.0,0.0,faq,,,,0.3694,bea9aceef0b25c71f0389de7ffc04027d93c37f835900e119ac7a1059b100ab8,5000,5000,0.05,,,with_replacement,m2_model_bank_v1,483,inflatebot__MN-12B-Mag-Mell-R1,828ba587979d236de818af222a410bf888a6905d,1,0.3956,0.0262,1,08a2df9b0b56a4e341fb55d9d164d834595bd9532db737455d24cf70fec3dc4f,57bdc1d4d1f1d86035923fa7a41a561b5c8b16bdc434dc39ef65cff6c4fe8dbb
m2_row_0483,faq,bet_maxmax,0.1,20,1281.85,7.510790483312811,1.0,0.0,1.0,0.0,1.0,0.0,0.0,0.0,faq,,,,0.3694,bea9aceef0b25c71f0389de7ffc04027d93c37f835900e119ac7a1059b100ab8,5000,5000,0.05,,,with_replacement,m2_model_bank_v1,483,inflatebot__MN-12B-Mag-Mell-R1,828ba587979d236de818af222a410bf888a6905d,1,0.3956,0.0262,1,08a2df9b0b56a4e341fb55d9d164d834595bd9532db737455d24cf70fec3dc4f,57bdc1d4d1f1d86035923fa7a41a561b5c8b16bdc434dc39ef65cff6c4fe8dbb
m2_row_0483,faq,bet_maxmax,0.125,20,1016.75,5.27450421716033,1.0,0.0,1.0,0.0,1.0,0.0,0.0,0.0,faq,,,,0.3694,bea9aceef0b25c71f0389de7ffc04027d93c37f835900e119ac7a1059b100ab8,5000,5000,0.05,,,with_replacement,m2_model_bank_v1,483,inflatebot__MN-12B-Mag-Mell-R1,828ba587979d236de818af222a410bf888a6905d,1,0.3956,0.0262,1,08a2df9b0b56a4e341fb55d9d164d834595bd9532db737455d24cf70fec3dc4f,57bdc1d4d1f1d86035923fa7a41a561b5c8b16bdc434dc39ef65cff6c4fe8dbb
m2_row_0483,faq,bet_maxmax,0.15,20,840.9,3.8742741255623563,1.0,0.0,1.0,0.0,1.0,0.0,0.0,0.0,faq,,,,0.3694,bea9aceef0b25c71f0389de7ffc04027d93c37f835900e119ac7a1059b100ab8,5000,5000,0.05,,,with_replacement,m2_model_bank_v1,483,inflatebot__MN-12B-Mag-Mell-R1,828ba587979d236de818af222a410bf888a6905d,1,0.3956,0.0262,1,08a2df9b0b56a4e341fb55d9d164d834595bd9532db737455d24cf70fec3dc4f,57bdc1d4d1f1d86035923fa7a41a561b5c8b16bdc434dc39ef65cff6c4fe8dbb
m2_row_0483,faq,bet_maxmin,0.05,20,2650.95,15.359289148848712,1.0,0.0,1.0,0.0,1.0,0.0,0.0,0.0,faq,,,,0.3694,bea9aceef0b25c71f0389de7ffc04027d93c37f835900e119ac7a1059b100ab8,5000,5000,0.05,,,with_replacement,m2_model_bank_v1,483,inflatebot__MN-12B-Mag-Mell-R1,828ba587979d236de818af222a410bf888a6905d,1,0.3956,0.0262,1,08a2df9b0b56a4e341fb55d9d164d834595bd9532db737455d24cf70fec3dc4f,57bdc1d4d1f1d86035923fa7a41a561b5c8b16bdc434dc39ef65cff6c4fe8dbb
m2_row_0483,faq,bet_maxmin,0.075,20,1725.65,12.725911196824605,1.0,0.0,1.0,0.0,1.0,0.0,0.0,0.0,faq,,,,0.3694,bea9aceef0b25c71f0389de7ffc04027d93c37f835900e119ac7a1059b100ab8,5000,5000,0.05,,,with_replacement,m2_model_bank_v1,483,inflatebot__MN-12B-Mag-Mell-R1,828ba587979d236de818af222a410bf888a6905d,1,0.3956,0.0262,1,08a2df9b0b56a4e341fb55d9d164d834595bd9532db737455d24cf70fec3dc4f,57bdc1d4d1f1d86035923fa7a41a561b5c8b16bdc434dc39ef65cff6c4fe8dbb
m2_row_0483,faq,bet_maxmin,0.1,20,1292.65,10.23031485855911,1.0,0.0,1.0,0.0,1.0,0.0,0.0,0.0,faq,,,,0.3694,bea9aceef0b25c71f0389de7ffc04027d93c37f835900e119ac7a1059b100ab8,5000,5000,0.05,,,with_replacement,m2_model_bank_v1,483,inflatebot__MN-12B-Mag-Mell-R1,828ba587979d236de818af222a410bf888a6905d,1,0.3956,0.0262,1,08a2df9b0b56a4e341fb55d9d164d834595bd9532db737455d24cf70fec3dc4f,57bdc1d4d1f1d86035923fa7a41a561b5c8b16bdc434dc39ef65cff6c4fe8dbb
m2_row_0483,faq,bet_maxmin,0.125,20,1030.5,8.632100433540892,1.0,0.0,1.0,0.0,1.0,0.0,0.0,0.0,faq,,,,0.3694,bea9aceef0b25c71f0389de7ffc04027d93c37f835900e119ac7a1059b100ab8,5000,5000,0.05,,,with_replacement,m2_model_bank_v1,483,inflatebot__MN-12B-Mag-Mell-R1,828ba587979d236de818af222a410bf888a6905d,1,0.3956,0.0262,1,08a2df9b0b56a4e341fb55d9d164d834595bd9532db737455d24cf70fec3dc4f,57bdc1d4d1f1d86035923fa7a41a561b5c8b16bdc434dc39ef65cff6c4fe8dbb
m2_row_0483,faq,bet_maxmin,0.15,20,847.8,6.96026315292013,1.0,0.0,1.0,0.0,1.0,0.0,0.0,0.0,faq,,,,0.3694,bea9aceef0b25c71f0389de7ffc04027d93c37f835900e119ac7a1059b100ab8,5000,5000,0.05,,,with_replacement,m2_model_bank_v1,483,inflatebot__MN-12B-Mag-Mell-R1,828ba587979d236de818af222a410bf888a6905d,1,0.3956,0.0262,1,08a2df9b0b56a4e341fb55d9d164d834595bd9532db737455d24cf70fec3dc4f,57bdc1d4d1f1d86035923fa7a41a561b5c8b16bdc434dc39ef65cff6c4fe8dbb
m2_row_0483,faq,bet_uniform,0.05,20,2046.95,200.30106911715086,1.0,0.0,1.0,0.0,1.0,0.0,0.0,0.0,faq,,,,0.3694,bea9aceef0b25c71f0389de7ffc04027d93c37f835900e119ac7a1059b100ab8,5000,5000,0.05,,,with_replacement,m2_model_bank_v1,483,inflatebot__MN-12B-Mag-Mell-R1,828ba587979d236de818af222a410bf888a6905d,1,0.3956,0.0262,1,08a2df9b0b56a4e341fb55d9d164d834595bd9532db737455d24cf70fec3dc4f,57bdc1d4d1f1d86035923fa7a41a561b5c8b16bdc434dc39ef65cff6c4fe8dbb
m2_row_0483,faq,bet_uniform,0.075,20,989.15,103.00808029112648,1.0,0.0,1.0,0.0,1.0,0.0,0.0,0.0,faq,,,,0.3694,bea9aceef0b25c71f0389de7ffc04027d93c37f835900e119ac7a1059b100ab8,5000,5000,0.05,,,with_replacement,m2_model_bank_v1,483,inflatebot__MN-12B-Mag-Mell-R1,828ba587979d236de818af222a410bf888a6905d,1,0.3956,0.0262,1,08a2df9b0b56a4e341fb55d9d164d834595bd9532db737455d24cf70fec3dc4f,57bdc1d4d1f1d86035923fa7a41a561b5c8b16bdc434dc39ef65cff6c4fe8dbb
m2_row_0483,faq,bet_uniform,0.1,20,506.4,54.26283015879385,1.0,0.0,1.0,0.0,1.0,0.0,0.0,0.0,faq,,,,0.3694,bea9aceef0b25c71f0389de7ffc04027d93c37f835900e119ac7a1059b100ab8,5000,5000,0.05,,,with_replacement,m2_model_bank_v1,483,inflatebot__MN-12B-Mag-Mell-R1,828ba587979d236de818af222a410bf888a6905d,1,0.3956,0.0262,1,08a2df9b0b56a4e341fb55d9d164d834595bd9532db737455d24cf70fec3dc4f,57bdc1d4d1f1d86035923fa7a41a561b5c8b16bdc434dc39ef65cff6c4fe8dbb
m2_row_0483,faq,bet_uniform,0.125,20,287.75,32.01939173951343,1.0,0.0,1.0,0.0,1.0,0.0,0.0,0.0,faq,,,,0.3694,bea9aceef0b25c71f0389de7ffc04027d93c37f835900e119ac7a1059b100ab8,5000,5000,0.05,,,with_replacement,m2_model_bank_v1,483,inflatebot__MN-12B-Mag-Mell-R1,828ba587979d236de818af222a410bf888a6905d,1,0.3956,0.0262,1,08a2df9b0b56a4e341fb55d9d164d834595bd9532db737455d24cf70fec3dc4f,57bdc1d4d1f1d86035923fa7a41a561b5c8b16bdc434dc39ef65cff6c4fe8dbb
m2_row_0483,faq,bet_uniform,0.15,20,199.75,23.280992359930835,1.0,0.0,1.0,0.0,1.0,0.0,0.0,0.0,faq,,,,0.3694,bea9aceef0b25c71f0389de7ffc04027d93c37f835900e119ac7a1059b100ab8,5000,5000,0.05,,,with_replacement,m2_model_bank_v1,483,inflatebot__MN-12B-Mag-Mell-R1,828ba587979d236de818af222a410bf888a6905d,1,0.3956,0.0262,1,08a2df9b0b56a4e341fb55d9d164d834595bd9532db737455d24cf70fec3dc4f,57bdc1d4d1f1d86035923fa7a41a561b5c8b16bdc434dc39ef65cff6c4fe8dbb
m2_row_0483,no_side_information,hedged_uniform,0.05,20,5000.0,0.0,0.0,0.0,0.95,0.049999999999999885,0.95,0.049999999999999885,0.0,0.0,none,,,,0.3694,bea9aceef0b25c71f0389de7ffc04027d93c37f835900e119ac7a1059b100ab8,5000,5000,0.05,0.5,0.5,with_replacement,m2_model_bank_v1,483,inflatebot__MN-12B-Mag-Mell-R1,828ba587979d236de818af222a410bf888a6905d,1,0.3956,0.0262,1,08a2df9b0b56a4e341fb55d9d164d834595bd9532db737455d24cf70fec3dc4f,57bdc1d4d1f1d86035923fa7a41a561b5c8b16bdc434dc39ef65cff6c4fe8dbb
m2_row_0483,no_side_information,hedged_uniform,0.075,20,3490.5,101.81633360848191,1.0,0.0,0.95,0.049999999999999885,0.95,0.049999999999999885,0.0,0.0,none,,,,0.3694,bea9aceef0b25c71f0389de7ffc04027d93c37f835900e119ac7a1059b100ab8,5000,5000,0.05,0.5,0.5,with_replacement,m2_model_bank_v1,483,inflatebot__MN-12B-Mag-Mell-R1,828ba587979d236de818af222a410bf888a6905d,1,0.3956,0.0262,1,08a2df9b0b56a4e341fb55d9d164d834595bd9532db737455d24cf70fec3dc4f,57bdc1d4d1f1d86035923fa7a41a561b5c8b16bdc434dc39ef65cff6c4fe8dbb
m2_row_0483,no_side_information,hedged_uniform,0.1,20,1691.55,48.89997712839856,1.0,0.0,0.95,0.049999999999999885,0.95,0.049999999999999885,0.0,0.0,none,,,,0.3694,bea9aceef0b25c71f0389de7ffc04027d93c37f835900e119ac7a1059b100ab8,5000,5000,0.05,0.5,0.5,with_replacement,m2_model_bank_v1,483,inflatebot__MN-12B-Mag-Mell-R1,828ba587979d236de818af222a410bf888a6905d,1,0.3956,0.0262,1,08a2df9b0b56a4e341fb55d9d164d834595bd9532db737455d24cf70fec3dc4f,57bdc1d4d1f1d86035923fa7a41a561b5c8b16bdc434dc39ef65cff6c4fe8dbb
m2_row_0483,no_side_information,hedged_uniform,0.125,20,925.65,29.14711098800995,1.0,0.0,0.95,0.049999999999999885,0.95,0.049999999999999885,0.0,0.0,none,,,,0.3694,bea9aceef0b25c71f0389de7ffc04027d93c37f835900e119ac7a1059b100ab8,5000,5000,0.05,0.5,0.5,with_replacement,m2_model_bank_v1,483,inflatebot__MN-12B-Mag-Mell-R1,828ba587979d236de818af222a410bf888a6905d,1,0.3956,0.0262,1,08a2df9b0b56a4e341fb55d9d164d834595bd9532db737455d24cf70fec3dc4f,57bdc1d4d1f1d86035923fa7a41a561b5c8b16bdc434dc39ef65cff6c4fe8dbb
m2_row_0483,no_side_information,hedged_uniform,0.15,20,585.3,12.619346050285056,1.0,0.0,0.95,0.049999999999999885,0.95,0.049999999999999885,0.0,0.0,none,,,,0.3694,bea9aceef0b25c71f0389de7ffc04027d93c37f835900e119ac7a1059b100ab8,5000,5000,0.05,0.5,0.5,with_replacement,m2_model_bank_v1,483,inflatebot__MN-12B-Mag-Mell-R1,828ba587979d236de818af222a410bf888a6905d,1,0.3956,0.0262,1,08a2df9b0b56a4e341fb55d9d164d834595bd9532db737455d24cf70fec3dc4f,57bdc1d4d1f1d86035923fa7a41a561b5c8b16bdc434dc39ef65cff6c4fe8dbb
m2_row_0483,no_side_information,hedged_wor,0.05,20,3551.75,132.44231862647942,1.0,0.0,0.95,0.049999999999999885,0.95,0.049999999999999885,0.0,0.0,none,,,,0.3694,bea9aceef0b25c71f0389de7ffc04027d93c37f835900e119ac7a1059b100ab8,5000,5000,0.05,0.5,0.5,without_replacement,m2_model_bank_v1,483,inflatebot__MN-12B-Mag-Mell-R1,828ba587979d236de818af222a410bf888a6905d,1,0.3956,0.0262,1,08a2df9b0b56a4e341fb55d9d164d834595bd9532db737455d24cf70fec3dc4f,57bdc1d4d1f1d86035923fa7a41a561b5c8b16bdc434dc39ef65cff6c4fe8dbb
m2_row_0483,no_side_information,hedged_wor,0.075,20,2084.5,101.19656484704461,1.0,0.0,0.95,0.049999999999999885,0.95,0.049999999999999885,0.0,0.0,none,,,,0.3694,bea9aceef0b25c71f0389de7ffc04027d93c37f835900e119ac7a1059b100ab8,5000,5000,0.05,0.5,0.5,without_replacement,m2_model_bank_v1,483,inflatebot__MN-12B-Mag-Mell-R1,828ba587979d236de818af222a410bf888a6905d,1,0.3956,0.0262,1,08a2df9b0b56a4e341fb55d9d164d834595bd9532db737455d24cf70fec3dc4f,57bdc1d4d1f1d86035923fa7a41a561b5c8b16bdc434dc39ef65cff6c4fe8dbb
m2_row_0483,no_side_information,hedged_wor,0.1,20,1227.3,61.91433385607983,1.0,0.0,0.95,0.049999999999999885,0.95,0.049999999999999885,0.0,0.0,none,,,,0.3694,bea9aceef0b25c71f0389de7ffc04027d93c37f835900e119ac7a1059b100ab8,5000,5000,0.05,0.5,0.5,without_replacement,m2_model_bank_v1,483,inflatebot__MN-12B-Mag-Mell-R1,828ba587979d236de818af222a410bf888a6905d,1,0.3956,0.0262,1,08a2df9b0b56a4e341fb55d9d164d834595bd9532db737455d24cf70fec3dc4f,57bdc1d4d1f1d86035923fa7a41a561b5c8b16bdc434dc39ef65cff6c4fe8dbb
m2_row_0483,no_side_information,hedged_wor,0.125,20,760.85,40.11137619179872,1.0,0.0,0.95,0.049999999999999885,0.95,0.049999999999999885,0.0,0.0,none,,,,0.3694,bea9aceef0b25c71f0389de7ffc04027d93c37f835900e119ac7a1059b100ab8,5000,5000,0.05,0.5,0.5,without_replacement,m2_model_bank_v1,483,inflatebot__MN-12B-Mag-Mell-R1,828ba587979d236de818af222a410bf888a6905d,1,0.3956,0.0262,1,08a2df9b0b56a4e341fb55d9d164d834595bd9532db737455d24cf70fec3dc4f,57bdc1d4d1f1d86035923fa7a41a561b5c8b16bdc434dc39ef65cff6c4fe8dbb
m2_row_0483,no_side_information,hedged_wor,0.15,20,505.6,26.49591825565828,1.0,0.0,0.95,0.049999999999999885,0.95,0.049999999999999885,0.0,0.0,none,,,,0.3694,bea9aceef0b25c71f0389de7ffc04027d93c37f835900e119ac7a1059b100ab8,5000,5000,0.05,0.5,0.5,without_replacement,m2_model_bank_v1,483,inflatebot__MN-12B-Mag-Mell-R1,828ba587979d236de818af222a410bf888a6905d,1,0.3956,0.0262,1,08a2df9b0b56a4e341fb55d9d164d834595bd9532db737455d24cf70fec3dc4f,57bdc1d4d1f1d86035923fa7a41a561b5c8b16bdc434dc39ef65cff6c4fe8dbb
m2_row_0483,faq,ripr_maxmax,0.05,20,3346.65,346.490117387738,0.65,0.1094243309804831,1.0,0.0,1.0,0.0,0.0,0.0,faq,,,,0.3694,bea9aceef0b25c71f0389de7ffc04027d93c37f835900e119ac7a1059b100ab8,5000,5000,0.05,,,with_replacement,m2_model_bank_v1,483,inflatebot__MN-12B-Mag-Mell-R1,828ba587979d236de818af222a410bf888a6905d,1,0.3956,0.0262,1,08a2df9b0b56a4e341fb55d9d164d834595bd9532db737455d24cf70fec3dc4f,57bdc1d4d1f1d86035923fa7a41a561b5c8b16bdc434dc39ef65cff6c4fe8dbb
m2_row_0483,faq,ripr_maxmax,0.075,20,2069.25,285.7904723375981,0.95,0.049999999999999885,1.0,0.0,1.0,0.0,0.0,0.0,faq,,,,0.3694,bea9aceef0b25c71f0389de7ffc04027d93c37f835900e119ac7a1059b100ab8,5000,5000,0.05,,,with_replacement,m2_model_bank_v1,483,inflatebot__MN-12B-Mag-Mell-R1,828ba587979d236de818af222a410bf888a6905d,1,0.3956,0.0262,1,08a2df9b0b56a4e341fb55d9d164d834595bd9532db737455d24cf70fec3dc4f,57bdc1d4d1f1d86035923fa7a41a561b5c8b16bdc434dc39ef65cff6c4fe8dbb
m2_row_0483,faq,ripr_maxmax,0.1,20,1446.5,255.61954150651314,0.95,0.049999999999999885,1.0,0.0,1.0,0.0,0.0,0.0,faq,,,,0.3694,bea9aceef0b25c71f0389de7ffc04027d93c37f835900e119ac7a1059b100ab8,5000,5000,0.05,,,with_replacement,m2_model_bank_v1,483,inflatebot__MN-12B-Mag-Mell-R1,828ba587979d236de818af222a410bf888a6905d,1,0.3956,0.0262,1,08a2df9b0b56a4e341fb55d9d164d834595bd9532db737455d24cf70fec3dc4f,57bdc1d4d1f1d86035923fa7a41a561b5c8b16bdc434dc39ef65cff6c4fe8dbb
m2_row_0483,faq,ripr_maxmax,0.125,20,1065.1,198.86275219489025,1.0,0.0,1.0,0.0,1.0,0.0,0.0,0.0,faq,,,,0.3694,bea9aceef0b25c71f0389de7ffc04027d93c37f835900e119ac7a1059b100ab8,5000,5000,0.05,,,with_replacement,m2_model_bank_v1,483,inflatebot__MN-12B-Mag-Mell-R1,828ba587979d236de818af222a410bf888a6905d,1,0.3956,0.0262,1,08a2df9b0b56a4e341fb55d9d164d834595bd9532db737455d24cf70fec3dc4f,57bdc1d4d1f1d86035923fa7a41a561b5c8b16bdc434dc39ef65cff6c4fe8dbb
m2_row_0483,faq,ripr_maxmax,0.15,20,827.7,155.33336138091758,1.0,0.0,1.0,0.0,1.0,0.0,0.0,0.0,faq,,,,0.3694,bea9aceef0b25c71f0389de7ffc04027d93c37f835900e119ac7a1059b100ab8,5000,5000,0.05,,,with_replacement,m2_model_bank_v1,483,inflatebot__MN-12B-Mag-Mell-R1,828ba587979d236de818af222a410bf888a6905d,1,0.3956,0.0262,1,08a2df9b0b56a4e341fb55d9d164d834595bd9532db737455d24cf70fec3dc4f,57bdc1d4d1f1d86035923fa7a41a561b5c8b16bdc434dc39ef65cff6c4fe8dbb
m2_row_0483,faq,ripr_maxmin,0.05,20,3733.9,340.23475564287713,0.55,0.11413288653790231,0.9,0.06882472016116842,0.9,0.06882472016116842,0.0,0.0,faq,,,,0.3694,bea9aceef0b25c71f0389de7ffc04027d93c37f835900e119ac7a1059b100ab8,5000,5000,0.05,,,with_replacement,m2_model_bank_v1,483,inflatebot__MN-12B-Mag-Mell-R1,828ba587979d236de818af222a410bf888a6905d,1,0.3956,0.0262,1,08a2df9b0b56a4e341fb55d9d164d834595bd9532db737455d24cf70fec3dc4f,57bdc1d4d1f1d86035923fa7a41a561b5c8b16bdc434dc39ef65cff6c4fe8dbb
m2_row_0483,faq,ripr_maxmin,0.075,20,2679.0,342.76511828917114,0.85,0.08191780219091249,0.9,0.06882472016116842,0.9,0.06882472016116842,0.0,0.0,faq,,,,0.3694,bea9aceef0b25c71f0389de7ffc04027d93c37f835900e119ac7a1059b100ab8,5000,5000,0.05,,,with_replacement,m2_model_bank_v1,483,inflatebot__MN-12B-Mag-Mell-R1,828ba587979d236de818af222a410bf888a6905d,1,0.3956,0.0262,1,08a2df9b0b56a4e341fb55d9d164d834595bd9532db737455d24cf70fec3dc4f,57bdc1d4d1f1d86035923fa7a41a561b5c8b16bdc434dc39ef65cff6c4fe8dbb
m2_row_0483,faq,ripr_maxmin,0.1,20,2021.05,323.2591145375161,0.9,0.06882472016116842,0.9,0.06882472016116842,0.9,0.06882472016116842,0.0,0.0,faq,,,,0.3694,bea9aceef0b25c71f0389de7ffc04027d93c37f835900e119ac7a1059b100ab8,5000,5000,0.05,,,with_replacement,m2_model_bank_v1,483,inflatebot__MN-12B-Mag-Mell-R1,828ba587979d236de818af222a410bf888a6905d,1,0.3956,0.0262,1,08a2df9b0b56a4e341fb55d9d164d834595bd9532db737455d24cf70fec3dc4f,57bdc1d4d1f1d86035923fa7a41a561b5c8b16bdc434dc39ef65cff6c4fe8dbb
m2_row_0483,faq,ripr_maxmin,0.125,20,1630.8,295.80312264819156,0.95,0.049999999999999885,0.9,0.06882472016116842,0.9,0.06882472016116842,0.0,0.0,faq,,,,0.3694,bea9aceef0b25c71f0389de7ffc04027d93c37f835900e119ac7a1059b100ab8,5000,5000,0.05,,,with_replacement,m2_model_bank_v1,483,inflatebot__MN-12B-Mag-Mell-R1,828ba587979d236de818af222a410bf888a6905d,1,0.3956,0.0262,1,08a2df9b0b56a4e341fb55d9d164d834595bd9532db737455d24cf70fec3dc4f,57bdc1d4d1f1d86035923fa7a41a561b5c8b16bdc434dc39ef65cff6c4fe8dbb
m2_row_0483,faq,ripr_maxmin,0.15,20,1274.3,257.521476876457,0.95,0.049999999999999885,0.9,0.06882472016116842,0.9,0.06882472016116842,0.0,0.0,faq,,,,0.3694,bea9aceef0b25c71f0389de7ffc04027d93c37f835900e119ac7a1059b100ab8,5000,5000,0.05,,,with_replacement,m2_model_bank_v1,483,inflatebot__MN-12B-Mag-Mell-R1,828ba587979d236de818af222a410bf888a6905d,1,0.3956,0.0262,1,08a2df9b0b56a4e341fb55d9d164d834595bd9532db737455d24cf70fec3dc4f,57bdc1d4d1f1d86035923fa7a41a561b5c8b16bdc434dc39ef65cff6c4fe8dbb
m2_row_0483,faq,ripr_uniform,0.05,20,3302.7,328.56782605086204,0.75,0.09933992677987818,1.0,0.0,1.0,0.0,0.0,0.0,faq,,,,0.3694,bea9aceef0b25c71f0389de7ffc04027d93c37f835900e119ac7a1059b100ab8,5000,5000,0.05,,,with_replacement,m2_model_bank_v1,483,inflatebot__MN-12B-Mag-Mell-R1,828ba587979d236de818af222a410bf888a6905d,1,0.3956,0.0262,1,08a2df9b0b56a4e341fb55d9d164d834595bd9532db737455d24cf70fec3dc4f,57bdc1d4d1f1d86035923fa7a41a561b5c8b16bdc434dc39ef65cff6c4fe8dbb
m2_row_0483,faq,ripr_uniform,0.075,20,1678.0,216.9083968673849,1.0,0.0,1.0,0.0,1.0,0.0,0.0,0.0,faq,,,,0.3694,bea9aceef0b25c71f0389de7ffc04027d93c37f835900e119ac7a1059b100ab8,5000,5000,0.05,,,with_replacement,m2_model_bank_v1,483,inflatebot__MN-12B-Mag-Mell-R1,828ba587979d236de818af222a410bf888a6905d,1,0.3956,0.0262,1,08a2df9b0b56a4e341fb55d9d164d834595bd9532db737455d24cf70fec3dc4f,57bdc1d4d1f1d86035923fa7a41a561b5c8b16bdc434dc39ef65cff6c4fe8dbb
m2_row_0483,faq,ripr_uniform,0.1,20,1025.65,132.42501900281053,1.0,0.0,1.0,0.0,1.0,0.0,0.0,0.0,faq,,,,0.3694,bea9aceef0b25c71f0389de7ffc04027d93c37f835900e119ac7a1059b100ab8,5000,5000,0.05,,,with_replacement,m2_model_bank_v1,483,inflatebot__MN-12B-Mag-Mell-R1,828ba587979d236de818af222a410bf888a6905d,1,0.3956,0.0262,1,08a2df9b0b56a4e341fb55d9d164d834595bd9532db737455d24cf70fec3dc4f,57bdc1d4d1f1d86035923fa7a41a561b5c8b16bdc434dc39ef65cff6c4fe8dbb
m2_row_0483,faq,ripr_uniform,0.125,20,730.6,92.4593054153812,1.0,0.0,1.0,0.0,1.0,0.0,0.0,0.0,faq,,,,0.3694,bea9aceef0b25c71f0389de7ffc04027d93c37f835900e119ac7a1059b100ab8,5000,5000,0.05,,,with_replacement,m2_model_bank_v1,483,inflatebot__MN-12B-Mag-Mell-R1,828ba587979d236de818af222a410bf888a6905d,1,0.3956,0.0262,1,08a2df9b0b56a4e341fb55d9d164d834595bd9532db737455d24cf70fec3dc4f,57bdc1d4d1f1d86035923fa7a41a561b5c8b16bdc434dc39ef65cff6c4fe8dbb
m2_row_0483,faq,ripr_uniform,0.15,20,507.8,76.88585524556584,1.0,0.0,1.0,0.0,1.0,0.0,0.0,0.0,faq,,,,0.3694,bea9aceef0b25c71f0389de7ffc04027d93c37f835900e119ac7a1059b100ab8,5000,5000,0.05,,,with_replacement,m2_model_bank_v1,483,inflatebot__MN-12B-Mag-Mell-R1,828ba587979d236de818af222a410bf888a6905d,1,0.3956,0.0262,1,08a2df9b0b56a4e341fb55d9d164d834595bd9532db737455d24cf70fec3dc4f,57bdc1d4d1f1d86035923fa7a41a561b5c8b16bdc434dc39ef65cff6c4fe8dbb
m2_row_0542,faq,bet_maxmax,0.05,20,2711.95,49.51759256753359,1.0,0.0,1.0,0.0,1.0,0.0,0.0,0.0,faq,,,,0.3798,791570e63d6fe6fd7a49fa0d86305983c846e95f06a849cabf6ee08ddddb7f1d,5000,5000,0.05,,,with_replacement,m2_model_bank_v1,542,hotmailuser__QwenSlerp-3B,bec9741f9687b713e09ba820305d546447328721,1,0.3956,0.0158,1,08a2df9b0b56a4e341fb55d9d164d834595bd9532db737455d24cf70fec3dc4f,57bdc1d4d1f1d86035923fa7a41a561b5c8b16bdc434dc39ef65cff6c4fe8dbb
m2_row_0542,faq,bet_maxmax,0.075,20,1768.15,24.32448138680112,1.0,0.0,1.0,0.0,1.0,0.0,0.0,0.0,faq,,,,0.3798,791570e63d6fe6fd7a49fa0d86305983c846e95f06a849cabf6ee08ddddb7f1d,5000,5000,0.05,,,with_replacement,m2_model_bank_v1,542,hotmailuser__QwenSlerp-3B,bec9741f9687b713e09ba820305d546447328721,1,0.3956,0.0158,1,08a2df9b0b56a4e341fb55d9d164d834595bd9532db737455d24cf70fec3dc4f,57bdc1d4d1f1d86035923fa7a41a561b5c8b16bdc434dc39ef65cff6c4fe8dbb
m2_row_0542,faq,bet_maxmax,0.1,20,1288.5,8.581344514946975,1.0,0.0,1.0,0.0,1.0,0.0,0.0,0.0,faq,,,,0.3798,791570e63d6fe6fd7a49fa0d86305983c846e95f06a849cabf6ee08ddddb7f1d,5000,5000,0.05,,,with_replacement,m2_model_bank_v1,542,hotmailuser__QwenSlerp-3B,bec9741f9687b713e09ba820305d546447328721,1,0.3956,0.0158,1,08a2df9b0b56a4e341fb55d9d164d834595bd9532db737455d24cf70fec3dc4f,57bdc1d4d1f1d86035923fa7a41a561b5c8b16bdc434dc39ef65cff6c4fe8dbb
m2_row_0542,faq,bet_maxmax,0.125,20,1021.9,4.451433831688021,1.0,0.0,1.0,0.0,1.0,0.0,0.0,0.0,faq,,,,0.3798,791570e63d6fe6fd7a49fa0d86305983c846e95f06a849cabf6ee08ddddb7f1d,5000,5000,0.05,,,with_replacement,m2_model_bank_v1,542,hotmailuser__QwenSlerp-3B,bec9741f9687b713e09ba820305d546447328721,1,0.3956,0.0158,1,08a2df9b0b56a4e341fb55d9d164d834595bd9532db737455d24cf70fec3dc4f,57bdc1d4d1f1d86035923fa7a41a561b5c8b16bdc434dc39ef65cff6c4fe8dbb
m2_row_0542,faq,bet_maxmax,0.15,20,842.8,2.8456800130803614,1.0,0.0,1.0,0.0,1.0,0.0,0.0,0.0,faq,,,,0.3798,791570e63d6fe6fd7a49fa0d86305983c846e95f06a849cabf6ee08ddddb7f1d,5000,5000,0.05,,,with_replacement,m2_model_bank_v1,542,hotmailuser__QwenSlerp-3B,bec9741f9687b713e09ba820305d546447328721,1,0.3956,0.0158,1,08a2df9b0b56a4e341fb55d9d164d834595bd9532db737455d24cf70fec3dc4f,57bdc1d4d1f1d86035923fa7a41a561b5c8b16bdc434dc39ef65cff6c4fe8dbb
m2_row_0542,faq,bet_maxmin,0.05,20,2719.65,38.96011962318115,1.0,0.0,1.0,0.0,1.0,0.0,0.0,0.0,faq,,,,0.3798,791570e63d6fe6fd7a49fa0d86305983c846e95f06a849cabf6ee08ddddb7f1d,5000,5000,0.05,,,with_replacement,m2_model_bank_v1,542,hotmailuser__QwenSlerp-3B,bec9741f9687b713e09ba820305d546447328721,1,0.3956,0.0158,1,08a2df9b0b56a4e341fb55d9d164d834595bd9532db737455d24cf70fec3dc4f,57bdc1d4d1f1d86035923fa7a41a561b5c8b16bdc434dc39ef65cff6c4fe8dbb
m2_row_0542,faq,bet_maxmin,0.075,20,1775.5,22.990215309996554,1.0,0.0,1.0,0.0,1.0,0.0,0.0,0.0,faq,,,,0.3798,791570e63d6fe6fd7a49fa0d86305983c846e95f06a849cabf6ee08ddddb7f1d,5000,5000,0.05,,,with_replacement,m2_model_bank_v1,542,hotmailuser__QwenSlerp-3B,bec9741f9687b713e09ba820305d546447328721,1,0.3956,0.0158,1,08a2df9b0b56a4e341fb55d9d164d834595bd9532db737455d24cf70fec3dc4f,57bdc1d4d1f1d86035923fa7a41a561b5c8b16bdc434dc39ef65cff6c4fe8dbb
m2_row_0542,faq,bet_maxmin,0.1,20,1303.3,16.955374865868144,1.0,0.0,1.0,0.0,1.0,0.0,0.0,0.0,faq,,,,0.3798,791570e63d6fe6fd7a49fa0d86305983c846e95f06a849cabf6ee08ddddb7f1d,5000,5000,0.05,,,with_replacement,m2_model_bank_v1,542,hotmailuser__QwenSlerp-3B,bec9741f9687b713e09ba820305d546447328721,1,0.3956,0.0158,1,08a2df9b0b56a4e341fb55d9d164d834595bd9532db737455d24cf70fec3dc4f,57bdc1d4d1f1d86035923fa7a41a561b5c8b16bdc434dc39ef65cff6c4fe8dbb
m2_row_0542,faq,bet_maxmin,0.125,20,1032.8,10.627570896395026,1.0,0.0,1.0,0.0,1.0,0.0,0.0,0.0,faq,,,,0.3798,791570e63d6fe6fd7a49fa0d86305983c846e95f06a849cabf6ee08ddddb7f1d,5000,5000,0.05,,,with_replacement,m2_model_bank_v1,542,hotmailuser__QwenSlerp-3B,bec9741f9687b713e09ba820305d546447328721,1,0.3956,0.0158,1,08a2df9b0b56a4e341fb55d9d164d834595bd9532db737455d24cf70fec3dc4f,57bdc1d4d1f1d86035923fa7a41a561b5c8b16bdc434dc39ef65cff6c4fe8dbb
m2_row_0542,faq,bet_maxmin,0.15,20,849.7,8.715714784831153,1.0,0.0,1.0,0.0,1.0,0.0,0.0,0.0,faq,,,,0.3798,791570e63d6fe6fd7a49fa0d86305983c846e95f06a849cabf6ee08ddddb7f1d,5000,5000,0.05,,,with_replacement,m2_model_bank_v1,542,hotmailuser__QwenSlerp-3B,bec9741f9687b713e09ba820305d546447328721,1,0.3956,0.0158,1,08a2df9b0b56a4e341fb55d9d164d834595bd9532db737455d24cf70fec3dc4f,57bdc1d4d1f1d86035923fa7a41a561b5c8b16bdc434dc39ef65cff6c4fe8dbb
m2_row_0542,faq,bet_uniform,0.05,20,1974.8,204.11680866344003,1.0,0.0,1.0,0.0,1.0,0.0,0.0,0.0,faq,,,,0.3798,791570e63d6fe6fd7a49fa0d86305983c846e95f06a849cabf6ee08ddddb7f1d,5000,5000,0.05,,,with_replacement,m2_model_bank_v1,542,hotmailuser__QwenSlerp-3B,bec9741f9687b713e09ba820305d546447328721,1,0.3956,0.0158,1,08a2df9b0b56a4e341fb55d9d164d834595bd9532db737455d24cf70fec3dc4f,57bdc1d4d1f1d86035923fa7a41a561b5c8b16bdc434dc39ef65cff6c4fe8dbb
m2_row_0542,faq,bet_uniform,0.075,20,904.3,93.91662315726202,1.0,0.0,1.0,0.0,1.0,0.0,0.0,0.0,faq,,,,0.3798,791570e63d6fe6fd7a49fa0d86305983c846e95f06a849cabf6ee08ddddb7f1d,5000,5000,0.05,,,with_replacement,m2_model_bank_v1,542,hotmailuser__QwenSlerp-3B,bec9741f9687b713e09ba820305d546447328721,1,0.3956,0.0158,1,08a2df9b0b56a4e341fb55d9d164d834595bd9532db737455d24cf70fec3dc4f,57bdc1d4d1f1d86035923fa7a41a561b5c8b16bdc434dc39ef65cff6c4fe8dbb
m2_row_0542,faq,bet_uniform,0.1,20,505.95,50.252126166069104,1.0,0.0,1.0,0.0,1.0,0.0,0.0,0.0,faq,,,,0.3798,791570e63d6fe6fd7a49fa0d86305983c846e95f06a849cabf6ee08ddddb7f1d,5000,5000,0.05,,,with_replacement,m2_model_bank_v1,542,hotmailuser__QwenSlerp-3B,bec9741f9687b713e09ba820305d546447328721,1,0.3956,0.0158,1,08a2df9b0b56a4e341fb55d9d164d834595bd9532db737455d24cf70fec3dc4f,57bdc1d4d1f1d86035923fa7a41a561b5c8b16bdc434dc39ef65cff6c4fe8dbb
m2_row_0542,faq,bet_uniform,0.125,20,316.95,35.48472428940004,1.0,0.0,1.0,0.0,1.0,0.0,0.0,0.0,faq,,,,0.3798,791570e63d6fe6fd7a49fa0d86305983c846e95f06a849cabf6ee08ddddb7f1d,5000,5000,0.05,,,with_replacement,m2_model_bank_v1,542,hotmailuser__QwenSlerp-3B,bec9741f9687b713e09ba820305d546447328721,1,0.3956,0.0158,1,08a2df9b0b56a4e341fb55d9d164d834595bd9532db737455d24cf70fec3dc4f,57bdc1d4d1f1d86035923fa7a41a561b5c8b16bdc434dc39ef65cff6c4fe8dbb
m2_row_0542,faq,bet_uniform,0.15,20,208.5,28.49602927094451,1.0,0.0,1.0,0.0,1.0,0.0,0.0,0.0,faq,,,,0.3798,791570e63d6fe6fd7a49fa0d86305983c846e95f06a849cabf6ee08ddddb7f1d,5000,5000,0.05,,,with_replacement,m2_model_bank_v1,542,hotmailuser__QwenSlerp-3B,bec9741f9687b713e09ba820305d546447328721,1,0.3956,0.0158,1,08a2df9b0b56a4e341fb55d9d164d834595bd9532db737455d24cf70fec3dc4f,57bdc1d4d1f1d86035923fa7a41a561b5c8b16bdc434dc39ef65cff6c4fe8dbb
m2_row_0542,no_side_information,hedged_uniform,0.05,20,5000.0,0.0,0.0,0.0,1.0,0.0,1.0,0.0,0.0,0.0,none,,,,0.3798,791570e63d6fe6fd7a49fa0d86305983c846e95f06a849cabf6ee08ddddb7f1d,5000,5000,0.05,0.5,0.5,with_replacement,m2_model_bank_v1,542,hotmailuser__QwenSlerp-3B,bec9741f9687b713e09ba820305d546447328721,1,0.3956,0.0158,1,08a2df9b0b56a4e341fb55d9d164d834595bd9532db737455d24cf70fec3dc4f,57bdc1d4d1f1d86035923fa7a41a561b5c8b16bdc434dc39ef65cff6c4fe8dbb
m2_row_0542,no_side_information,hedged_uniform,0.075,20,3598.95,85.42856280018593,1.0,0.0,1.0,0.0,1.0,0.0,0.0,0.0,none,,,,0.3798,791570e63d6fe6fd7a49fa0d86305983c846e95f06a849cabf6ee08ddddb7f1d,5000,5000,0.05,0.5,0.5,with_replacement,m2_model_bank_v1,542,hotmailuser__QwenSlerp-3B,bec9741f9687b713e09ba820305d546447328721,1,0.3956,0.0158,1,08a2df9b0b56a4e341fb55d9d164d834595bd9532db737455d24cf70fec3dc4f,57bdc1d4d1f1d86035923fa7a41a561b5c8b16bdc434dc39ef65cff6c4fe8dbb
m2_row_0542,no_side_information,hedged_uniform,0.1,20,1717.3,46.9941261727128,1.0,0.0,1.0,0.0,1.0,0.0,0.0,0.0,none,,,,0.3798,791570e63d6fe6fd7a49fa0d86305983c846e95f06a849cabf6ee08ddddb7f1d,5000,5000,0.05,0.5,0.5,with_replacement,m2_model_bank_v1,542,hotmailuser__QwenSlerp-3B,bec9741f9687b713e09ba820305d546447328721,1,0.3956,0.0158,1,08a2df9b0b56a4e341fb55d9d164d834595bd9532db737455d24cf70fec3dc4f,57bdc1d4d1f1d86035923fa7a41a561b5c8b16bdc434dc39ef65cff6c4fe8dbb
m2_row_0542,no_side_information,hedged_uniform,0.125,20,935.15,21.279626406495062,1.0,0.0,1.0,0.0,1.0,0.0,0.0,0.0,none,,,,0.3798,791570e63d6fe6fd7a49fa0d86305983c846e95f06a849cabf6ee08ddddb7f1d,5000,5000,0.05,0.5,0.5,with_replacement,m2_model_bank_v1,542,hotmailuser__QwenSlerp-3B,bec9741f9687b713e09ba820305d546447328721,1,0.3956,0.0158,1,08a2df9b0b56a4e341fb55d9d164d834595bd9532db737455d24cf70fec3dc4f,57bdc1d4d1f1d86035923fa7a41a561b5c8b16bdc434dc39ef65cff6c4fe8dbb
m2_row_0542,no_side_information,hedged_uniform,0.15,20,589.4,14.181418531971664,1.0,0.0,1.0,0.0,1.0,0.0,0.0,0.0,none,,,,0.3798,791570e63d6fe6fd7a49fa0d86305983c846e95f06a849cabf6ee08ddddb7f1d,5000,5000,0.05,0.5,0.5,with_replacement,m2_model_bank_v1,542,hotmailuser__QwenSlerp-3B,bec9741f9687b713e09ba820305d546447328721,1,0.3956,0.0158,1,08a2df9b0b56a4e341fb55d9d164d834595bd9532db737455d24cf70fec3dc4f,57bdc1d4d1f1d86035923fa7a41a561b5c8b16bdc434dc39ef65cff6c4fe8dbb
m2_row_0542,no_side_information,hedged_wor,0.05,20,3697.4,90.83160822440396,1.0,0.0,0.95,0.049999999999999885,0.95,0.049999999999999885,0.0,0.0,none,,,,0.3798,791570e63d6fe6fd7a49fa0d86305983c846e95f06a849cabf6ee08ddddb7f1d,5000,5000,0.05,0.5,0.5,without_replacement,m2_model_bank_v1,542,hotmailuser__QwenSlerp-3B,bec9741f9687b713e09ba820305d546447328721,1,0.3956,0.0158,1,08a2df9b0b56a4e341fb55d9d164d834595bd9532db737455d24cf70fec3dc4f,57bdc1d4d1f1d86035923fa7a41a561b5c8b16bdc434dc39ef65cff6c4fe8dbb
m2_row_0542,no_side_information,hedged_wor,0.075,20,2258.1,59.840353397493175,1.0,0.0,0.95,0.049999999999999885,0.95,0.049999999999999885,0.0,0.0,none,,,,0.3798,791570e63d6fe6fd7a49fa0d86305983c846e95f06a849cabf6ee08ddddb7f1d,5000,5000,0.05,0.5,0.5,without_replacement,m2_model_bank_v1,542,hotmailuser__QwenSlerp-3B,bec9741f9687b713e09ba820305d546447328721,1,0.3956,0.0158,1,08a2df9b0b56a4e341fb55d9d164d834595bd9532db737455d24cf70fec3dc4f,57bdc1d4d1f1d86035923fa7a41a561b5c8b16bdc434dc39ef65cff6c4fe8dbb
m2_row_0542,no_side_information,hedged_wor,0.1,20,1360.25,34.51512826207326,1.0,0.0,0.95,0.049999999999999885,0.95,0.049999999999999885,0.0,0.0,none,,,,0.3798,791570e63d6fe6fd7a49fa0d86305983c846e95f06a849cabf6ee08ddddb7f1d,5000,5000,0.05,0.5,0.5,without_replacement,m2_model_bank_v1,542,hotmailuser__QwenSlerp-3B,bec9741f9687b713e09ba820305d546447328721,1,0.3956,0.0158,1,08a2df9b0b56a4e341fb55d9d164d834595bd9532db737455d24cf70fec3dc4f,57bdc1d4d1f1d86035923fa7a41a561b5c8b16bdc434dc39ef65cff6c4fe8dbb
m2_row_0542,no_side_information,hedged_wor,0.125,20,842.1,21.968625954205386,1.0,0.0,0.95,0.049999999999999885,0.95,0.049999999999999885,0.0,0.0,none,,,,0.3798,791570e63d6fe6fd7a49fa0d86305983c846e95f06a849cabf6ee08ddddb7f1d,5000,5000,0.05,0.5,0.5,without_replacement,m2_model_bank_v1,542,hotmailuser__QwenSlerp-3B,bec9741f9687b713e09ba820305d546447328721,1,0.3956,0.0158,1,08a2df9b0b56a4e341fb55d9d164d834595bd9532db737455d24cf70fec3dc4f,57bdc1d4d1f1d86035923fa7a41a561b5c8b16bdc434dc39ef65cff6c4fe8dbb
m2_row_0542,no_side_information,hedged_wor,0.15,20,556.3,14.685133907960791,1.0,0.0,0.95,0.049999999999999885,0.95,0.049999999999999885,0.0,0.0,none,,,,0.3798,791570e63d6fe6fd7a49fa0d86305983c846e95f06a849cabf6ee08ddddb7f1d,5000,5000,0.05,0.5,0.5,without_replacement,m2_model_bank_v1,542,hotmailuser__QwenSlerp-3B,bec9741f9687b713e09ba820305d546447328721,1,0.3956,0.0158,1,08a2df9b0b56a4e341fb55d9d164d834595bd9532db737455d24cf70fec3dc4f,57bdc1d4d1f1d86035923fa7a41a561b5c8b16bdc434dc39ef65cff6c4fe8dbb
m2_row_0542,faq,ripr_maxmax,0.05,20,3859.7,276.08488492529005,0.55,0.11413288653790231,1.0,0.0,1.0,0.0,0.0,0.0,faq,,,,0.3798,791570e63d6fe6fd7a49fa0d86305983c846e95f06a849cabf6ee08ddddb7f1d,5000,5000,0.05,,,with_replacement,m2_model_bank_v1,542,hotmailuser__QwenSlerp-3B,bec9741f9687b713e09ba820305d546447328721,1,0.3956,0.0158,1,08a2df9b0b56a4e341fb55d9d164d834595bd9532db737455d24cf70fec3dc4f,57bdc1d4d1f1d86035923fa7a41a561b5c8b16bdc434dc39ef65cff6c4fe8dbb
m2_row_0542,faq,ripr_maxmax,0.075,20,2664.55,348.2535258823285,0.85,0.08191780219091249,1.0,0.0,1.0,0.0,0.0,0.0,faq,,,,0.3798,791570e63d6fe6fd7a49fa0d86305983c846e95f06a849cabf6ee08ddddb7f1d,5000,5000,0.05,,,with_replacement,m2_model_bank_v1,542,hotmailuser__QwenSlerp-3B,bec9741f9687b713e09ba820305d546447328721,1,0.3956,0.0158,1,08a2df9b0b56a4e341fb55d9d164d834595bd9532db737455d24cf70fec3dc4f,57bdc1d4d1f1d86035923fa7a41a561b5c8b16bdc434dc39ef65cff6c4fe8dbb
m2_row_0542,faq,ripr_maxmax,0.1,20,1806.95,284.09438271369197,0.95,0.049999999999999885,1.0,0.0,1.0,0.0,0.0,0.0,faq,,,,0.3798,791570e63d6fe6fd7a49fa0d86305983c846e95f06a849cabf6ee08ddddb7f1d,5000,5000,0.05,,,with_replacement,m2_model_bank_v1,542,hotmailuser__QwenSlerp-3B,bec9741f9687b713e09ba820305d546447328721,1,0.3956,0.0158,1,08a2df9b0b56a4e341fb55d9d164d834595bd9532db737455d24cf70fec3dc4f,57bdc1d4d1f1d86035923fa7a41a561b5c8b16bdc434dc39ef65cff6c4fe8dbb
m2_row_0542,faq,ripr_maxmax,0.125,20,1332.95,208.59909263313781,1.0,0.0,1.0,0.0,1.0,0.0,0.0,0.0,faq,,,,0.3798,791570e63d6fe6fd7a49fa0d86305983c846e95f06a849cabf6ee08ddddb7f1d,5000,5000,0.05,,,with_replacement,m2_model_bank_v1,542,hotmailuser__QwenSlerp-3B,bec9741f9687b713e09ba820305d546447328721,1,0.3956,0.0158,1,08a2df9b0b56a4e341fb55d9d164d834595bd9532db737455d24cf70fec3dc4f,57bdc1d4d1f1d86035923fa7a41a561b5c8b16bdc434dc39ef65cff6c4fe8dbb
m2_row_0542,faq,ripr_maxmax,0.15,20,1026.7,161.57040342574467,1.0,0.0,1.0,0.0,1.0,0.0,0.0,0.0,faq,,,,0.3798,791570e63d6fe6fd7a49fa0d86305983c846e95f06a849cabf6ee08ddddb7f1d,5000,5000,0.05,,,with_replacement,m2_model_bank_v1,542,hotmailuser__QwenSlerp-3B,bec9741f9687b713e09ba820305d546447328721,1,0.3956,0.0158,1,08a2df9b0b56a4e341fb55d9d164d834595bd9532db737455d24cf70fec3dc4f,57bdc1d4d1f1d86035923fa7a41a561b5c8b16bdc434dc39ef65cff6c4fe8dbb
m2_row_0542,faq,ripr_maxmin,0.05,20,3675.0,345.7344356583533,0.55,0.11413288653790231,0.95,0.049999999999999885,0.95,0.049999999999999885,0.0,0.0,faq,,,,0.3798,791570e63d6fe6fd7a49fa0d86305983c846e95f06a849cabf6ee08ddddb7f1d,5000,5000,0.05,,,with_replacement,m2_model_bank_v1,542,hotmailuser__QwenSlerp-3B,bec9741f9687b713e09ba820305d546447328721,1,0.3956,0.0158,1,08a2df9b0b56a4e341fb55d9d164d834595bd9532db737455d24cf70fec3dc4f,57bdc1d4d1f1d86035923fa7a41a561b5c8b16bdc434dc39ef65cff6c4fe8dbb
m2_row_0542,faq,ripr_maxmin,0.075,20,2634.05,361.637398181048,0.85,0.08191780219091249,0.95,0.049999999999999885,0.95,0.049999999999999885,0.0,0.0,faq,,,,0.3798,791570e63d6fe6fd7a49fa0d86305983c846e95f06a849cabf6ee08ddddb7f1d,5000,5000,0.05,,,with_replacement,m2_model_bank_v1,542,hotmailuser__QwenSlerp-3B,bec9741f9687b713e09ba820305d546447328721,1,0.3956,0.0158,1,08a2df9b0b56a4e341fb55d9d164d834595bd9532db737455d24cf70fec3dc4f,57bdc1d4d1f1d86035923fa7a41a561b5c8b16bdc434dc39ef65cff6c4fe8dbb
m2_row_0542,faq,ripr_maxmin,0.1,20,1724.3,274.57295167127023,0.95,0.049999999999999885,0.95,0.049999999999999885,0.95,0.049999999999999885,0.0,0.0,faq,,,,0.3798,791570e63d6fe6fd7a49fa0d86305983c846e95f06a849cabf6ee08ddddb7f1d,5000,5000,0.05,,,with_replacement,m2_model_bank_v1,542,hotmailuser__QwenSlerp-3B,bec9741f9687b713e09ba820305d546447328721,1,0.3956,0.0158,1,08a2df9b0b56a4e341fb55d9d164d834595bd9532db737455d24cf70fec3dc4f,57bdc1d4d1f1d86035923fa7a41a561b5c8b16bdc434dc39ef65cff6c4fe8dbb
m2_row_0542,faq,ripr_maxmin,0.125,20,1276.35,252.07828018713812,0.95,0.049999999999999885,0.95,0.049999999999999885,0.95,0.049999999999999885,0.0,0.0,faq,,,,0.3798,791570e63d6fe6fd7a49fa0d86305983c846e95f06a849cabf6ee08ddddb7f1d,5000,5000,0.05,,,with_replacement,m2_model_bank_v1,542,hotmailuser__QwenSlerp-3B,bec9741f9687b713e09ba820305d546447328721,1,0.3956,0.0158,1,08a2df9b0b56a4e341fb55d9d164d834595bd9532db737455d24cf70fec3dc4f,57bdc1d4d1f1d86035923fa7a41a561b5c8b16bdc434dc39ef65cff6c4fe8dbb
m2_row_0542,faq,ripr_maxmin,0.15,20,985.95,219.64606068328249,1.0,0.0,0.95,0.049999999999999885,0.95,0.049999999999999885,0.0,0.0,faq,,,,0.3798,791570e63d6fe6fd7a49fa0d86305983c846e95f06a849cabf6ee08ddddb7f1d,5000,5000,0.05,,,with_replacement,m2_model_bank_v1,542,hotmailuser__QwenSlerp-3B,bec9741f9687b713e09ba820305d546447328721,1,0.3956,0.0158,1,08a2df9b0b56a4e341fb55d9d164d834595bd9532db737455d24cf70fec3dc4f,57bdc1d4d1f1d86035923fa7a41a561b5c8b16bdc434dc39ef65cff6c4fe8dbb
m2_row_0542,faq,ripr_uniform,0.05,20,2775.9,337.6841789851015,0.8,0.09176629354822459,1.0,0.0,1.0,0.0,0.0,0.0,faq,,,,0.3798,791570e63d6fe6fd7a49fa0d86305983c846e95f06a849cabf6ee08ddddb7f1d,5000,5000,0.05,,,with_replacement,m2_model_bank_v1,542,hotmailuser__QwenSlerp-3B,bec9741f9687b713e09ba820305d546447328721,1,0.3956,0.0158,1,08a2df9b0b56a4e341fb55d9d164d834595bd9532db737455d24cf70fec3dc4f,57bdc1d4d1f1d86035923fa7a41a561b5c8b16bdc434dc39ef65cff6c4fe8dbb
m2_row_0542,faq,ripr_uniform,0.075,20,1589.35,272.91018645045307,0.95,0.049999999999999885,1.0,0.0,1.0,0.0,0.0,0.0,faq,,,,0.3798,791570e63d6fe6fd7a49fa0d86305983c846e95f06a849cabf6ee08ddddb7f1d,5000,5000,0.05,,,with_replacement,m2_model_bank_v1,542,hotmailuser__QwenSlerp-3B,bec9741f9687b713e09ba820305d546447328721,1,0.3956,0.0158,1,08a2df9b0b56a4e341fb55d9d164d834595bd9532db737455d24cf70fec3dc4f,57bdc1d4d1f1d86035923fa7a41a561b5c8b16bdc434dc39ef65cff6c4fe8dbb
m2_row_0542,faq,ripr_uniform,0.1,20,937.15,170.41882270330044,1.0,0.0,1.0,0.0,1.0,0.0,0.0,0.0,faq,,,,0.3798,791570e63d6fe6fd7a49fa0d86305983c846e95f06a849cabf6ee08ddddb7f1d,5000,5000,0.05,,,with_replacement,m2_model_bank_v1,542,hotmailuser__QwenSlerp-3B,bec9741f9687b713e09ba820305d546447328721,1,0.3956,0.0158,1,08a2df9b0b56a4e341fb55d9d164d834595bd9532db737455d24cf70fec3dc4f,57bdc1d4d1f1d86035923fa7a41a561b5c8b16bdc434dc39ef65cff6c4fe8dbb
m2_row_0542,faq,ripr_uniform,0.125,20,621.85,114.69610361390016,1.0,0.0,1.0,0.0,1.0,0.0,0.0,0.0,faq,,,,0.3798,791570e63d6fe6fd7a49fa0d86305983c846e95f06a849cabf6ee08ddddb7f1d,5000,5000,0.05,,,with_replacement,m2_model_bank_v1,542,hotmailuser__QwenSlerp-3B,bec9741f9687b713e09ba820305d546447328721,1,0.3956,0.0158,1,08a2df9b0b56a4e341fb55d9d164d834595bd9532db737455d24cf70fec3dc4f,57bdc1d4d1f1d86035923fa7a41a561b5c8b16bdc434dc39ef65cff6c4fe8dbb
m2_row_0542,faq,ripr_uniform,0.15,20,448.85,90.7732071240129,1.0,0.0,1.0,0.0,1.0,0.0,0.0,0.0,faq,,,,0.3798,791570e63d6fe6fd7a49fa0d86305983c846e95f06a849cabf6ee08ddddb7f1d,5000,5000,0.05,,,with_replacement,m2_model_bank_v1,542,hotmailuser__QwenSlerp-3B,bec9741f9687b713e09ba820305d546447328721,1,0.3956,0.0158,1,08a2df9b0b56a4e341fb55d9d164d834595bd9532db737455d24cf70fec3dc4f,57bdc1d4d1f1d86035923fa7a41a561b5c8b16bdc434dc39ef65cff6c4fe8dbb
