dataset,scenario,n_questions,theta_star,prediction_mean,mae,brier,kl,z_sha256
benchmark_5000,z_3,5000,0.9,0.31833323026103655,0.5817113704802456,0.5249136816185335,2.478813541335261,5aea53d51fd1965732db1d6ad87a31ecf68f7f63426ea73c604561603247f6e1
benchmark_5000,tilde_z_3,5000,0.9,0.31833323026103655,0.6482121559631316,0.5914144671014195,3.148493977618967,ec7e8a8b507b5e4f854b812615975129ae89cbca5aac9ae438fbc66e3a90d705
benchmark_5000,z_2,5000,0.7,0.31833323026103655,0.38254142477553416,0.32574373591382205,1.1910195156734629,cf404dcb0576b15c4f1548805d10893e1a499dc76fa414bdd4fc1b4cec81ad69
benchmark_5000,tilde_z_2,5000,0.7,0.31833323026103655,0.5752227730712494,0.5184250842095373,2.7483310971535655,8ebdde19cd5aa44efd0ff083dc48444a6986837c3d72d476ce6ae35ca70728d5
benchmark_5000,z_1,5000,0.3956,0.31833323026103655,0.2008642824164941,0.144066593554782,0.5281054749089772,7dae9e64d97e8f19a69f6e279770297d6b85ed2a1e1cd3f739a6fcab444306fb
benchmark_5000,tilde_z_1,5000,0.3956,0.31833323026103655,0.4681612055071233,0.41136351664541126,2.1300363352419125,3ca4094e901ddfbfcc19f9fbe0f9d69ab65856af6b6f5bf5096f3b12bfbbf401
m2_row_0483,m2_row_0483,5000,0.3694,0.31833323026103655,0.2026578379772141,0.14586014911550202,0.5434865398704083,bea9aceef0b25c71f0389de7ffc04027d93c37f835900e119ac7a1059b100ab8
m2_row_1183,m2_row_1183,5000,0.1016,0.31833323026103655,0.3528560280554673,0.2960583391937552,1.4584469986291029,43cfe8e6c081c1cd6729da6c787daaafa6405da490d33a27f2d2671e0e6e0e5e
m2_row_1506,m2_row_1506,5000,0.25,0.31833323026103655,0.23609698726953676,0.17929929840782466,0.7098518345850054,04f677e6ac52bd8e217c3f6deb72e7db941ba621bf08ba40d7666317a0e85c07
m2_row_0542,m2_row_0542,5000,0.3798,0.31833323026103655,0.2107394479084375,0.15394175904672538,0.5846822693700784,791570e63d6fe6fd7a49fa0d86305983c846e95f06a849cabf6ee08ddddb7f1d
